,0,1,2,3,4,5,6,7,8
0,Peppa Pig English Episodes | Peppa Pig's perfect Day at the Playground,/watch?v=XV3PnI5jf18,2:03:45,7 MINUTE COMPILATION | PART 1 | BRAND NEW MORPH,/watch?v=xaDz6ZXSvo8,6:37,Best of NEW SpongeBob Episodes! (Part 4) | 3 Hour Compilation | SpongeBob,/watch?v=VPIkRV9zNnk,3:04:54
1,Peppa Pig's Boo Boo Moments,/watch?v=CC3tNJh8WUA,2:00:27,"Bluey FULL Episodes Seasons 1 - 3 ğŸ’™ | Featuring Dad Baby, Faceytalk and more! | 2 HOURS | Bluey",/watch?v=aP-qKaig84M,1:55:39,SpongeBob's CLASSIC EPISODE Marathon | 240 Minute Compilation | @SpongeBobOfficial,/watch?v=8B8jplhrlso,3:50:43
2,ğŸ”´ The Boo Boo Moments - Peppa Pig Special | Peppa Pig Official Family Kids Cartoon,/watch?v=vLP95DwlD9E,2:02:03,OH NO! Tom Thomas Has A Black Eye! | The Fixies | WildBrain Fizz,/watch?v=NbIMZUwOMQ4,8:06:27,Electro's Gotta Glow | S2 E1 Part 1 | Full Episode | Spidey and his Amazing Friends | @disneyjunior,/watch?v=QKPYe5vtFF4,12:48
3,Tom Thomas' Water Overload: Watch Him Almost Burst! | The Fixies | Animation for Kids,/watch?v=kxm7ZB7crHs,4:31:37,Fixies Flushed Down the Toilet?! ğŸš½ | The Fixies | Cartoons For Kids | WildBrain Fizz,/watch?v=dy5v1cwYdUM,4:31:37,The Amazing World of Gumball: Food Episodes Compilation #1 | Cartoon Network Asia,/watch?v=XxFvpUhmRak,15:12
4,Peppa Pig Visits The Bouncy Maze | Peppa Pig Asia ğŸ½ Peppa Pig Full Episodes,/watch?v=8AiVCbFp2Q8,21:05,Ù„Ø§ ØªØ³Ù‚Ø·! | Talking Tom Ø§Ù„Ù‚ØµÙŠØ±Ø© | WildBrain Ø£Ø·ÙØ§Ù„,/watch?v=lJM-EBJu-P8,55:04,Ninja Kidz Epic MOVIE!,/watch?v=XtNE_Btewp4,45:40
5,Booba ğŸ”´ All Episodes Compilation ğŸ”´ Cartoon For Kids Super Toons TV,/watch?v=ZDwFobquz5k,11:54:56,CAMPING (GONE RIGHT)! â›ºï¸ ğŸ˜† ğŸ’´ | MR BEAN | WildBrain Kids,/watch?v=X68F1s5Ltog,9:04:06,ğŸ”´ LIVE: SpongeBob's Most Extreme Weather Marathon! ğŸ”¥â„ï¸ | Nickelodeon,/watch?v=5-6_PVhnZ0g,7:52:52
6,Sing | Try Not to Sing Challenge | 10 Minutes | Mini Moments,/watch?v=KjqtDep5mT0,9:33,Ninja Kidz Epic MOVIE!,/watch?v=XtNE_Btewp4,45:40,WORLD RECORD Kapla Tower Collapse (*BREATHTAKING*),/watch?v=7xNWOtXDMAI,4:38
7,Capture the Flag! | Thomas & Friends: All Engines Go! | +60 Minutes Kids Cartoons,/watch?v=pMgWgGW1KH4,1:01:01,"Bluey Seasons 1, 2, and 3 FULL EPISODES ğŸ’™ | Unicorse, Faceytalk, Pass the Parcel, and More! | Bluey",/watch?v=AMppfY8aF6M,1:49:20,Big City Greens Season 4 Premiere Full Episode! ğŸŒ½| S4 E1 | Truck Stopped / Jingled | @disneychannel,/watch?v=-gZTEWQZ5fg,22:02
8,"Cozy Fall Coffee Shop Ambience: Relaxing Jazz Music & Rain Sounds for Studying, Relaxation, & Sleep",/watch?v=VMAPTo7RVCo,8:03:01,SpongeBob's CLASSIC EPISODE Marathon | 240 Minute Compilation | @SpongeBobOfficial,/watch?v=8B8jplhrlso,3:50:43,Meet Disgust - Inside Out,/watch?v=7yKL4XdvoFs,0:18
9,7 MINUTE COMPILATION | PART 1 | BRAND NEW MORPH,/watch?v=xaDz6ZXSvo8,6:37,Eating Bugs?! | The Fixies | All Season 2 | Cartoon for kids,/watch?v=DZC6Tyt2yxM,3:27:31,Best of Gumball's Unhinged Adventures | Amazing World of Gumball | Cartoon Network Africa,/watch?v=Y1jB8vOkJ04,24:45
10,"Bluey Seasons 1, 2, and 3 FULL EPISODES ğŸ’™ | Unicorse, Faceytalk, Pass the Parcel, and More! | Bluey",/watch?v=AMppfY8aF6M,1:49:20,Tom & Jerry ğŸ˜ºğŸ­| Catch the Hour-Long Cat and Mouse Game ğŸ˜†| Funny Compilation ğŸ¤©| Cartoon Network âœ¨,/watch?v=rLbY-xZQUyw,58:34,Fixing the Titans | Teen Titans Go! | Cartoon Network,/watch?v=h6zIkE6zwuI,1:59
11,ğŸ”´ LIVE: Unwind with the Heelers ğŸ’™ | Wholesome Family Moments with Bluey | Bluey,/watch?v=mm3AbWA13P4,2:15:28,240 MINUTES of SpongeBobâ€™s Funniest Scenes ğŸ˜‚ | @SpongeBobOfficial,/watch?v=5puziyf8nSo,4:42:48,3 Hours of Adventure Time! | Adventure Time Mega Marathon | Cartoon Network,/watch?v=Wj0AVIZXLEE,3:27:22
12,"Bluey Full Episodes! | Keepy Uppy, Sleepytime, Bus and MORE! | 2 HOUR Compilation | @disneyjr",/watch?v=YRPnbCfawmk,2:11:48,Tom Thomas' Water Overload: Watch Him Almost Burst! | The Fixies | Animation for Kids,/watch?v=kxm7ZB7crHs,4:31:37,Paxton and Payton Twin Smash!! Super Team Up!,/watch?v=3LdE3y9ehVk,10:13
13,ğŸ”´ LIVE STREAM ğŸ¬ Masha and the Bear ğŸ¤— Spending Time Together ğŸ˜ğŸ«‚,/watch?v=S9XdbfjfnTw,10:59:31,ITCHY HAIR! ğŸ˜‘ ğŸ˜’ ğŸ˜  | TOPSY & TIM | WildBrain Kids,/watch?v=4knP1EdsNJw,7:57:49,Meet Anger - Inside Out,/watch?v=6x4lp2X214Y,0:20
14,Look At Chip's Spots! | Chip & Potato | WildBrain Toons,/watch?v=qW_xbaJ-AKM,6:49:34,Paxton and Payton Twin Smash!! Super Team Up!,/watch?v=3LdE3y9ehVk,10:13,Colors Of Raven | Teen Titans GO! | Episode 25,/watch?v=GoCb-OTOMzo,1:26
15,"PAW Patrol Rubble's Funniest & Silliest Rescues! w/ Chase, Marshall & Skye | 1 Hour | Rubble & Crew",/watch?v=BluFyAMMlOU,59:14,Hamster Escapes from the Prison Maze for Pets in real life ğŸ¹ in Hamster stories Part 4,/watch?v=1R5u3xQUUqI,8:05,Gravity Falls Full Episode | S1 E12 | Summerween | @disneyxd,/watch?v=-SNEwiG98SM,22:33
16,Lance Slashbladeâ€™s Best Moments! ğŸ”¥ | Inside Out 2 | Disney Kids,/watch?v=8xtWYLFJW5w,0:39,Barney's World Theme Song | Barney's World | NEW Music Video!,/watch?v=xPToJ7P26U4,1:04,Kid Titans | Teen Titans Go! | Cartoon Network,/watch?v=NynXp6uWY7c,1:48
17,PAW Patrol Baby Animals Rescues & Adventures! w/ Marshall #3 ğŸ± 2 Hours | Nick Jr.,/watch?v=fO7yMxbCJyE,2:01:48,Hamster Escapes The Awesome Minecraft Maze With Obstacle Course,/watch?v=Z_LSp0j-bhw,8:17,Teen Titans Wildest Adventures! ğŸ˜œ | #teentitansgo ğŸ¤© | #cartoonnetwork | @cnindia,/watch?v=dvAttyJqd1o,1:00:20
18,Bluey Compilation | Best of Bluey Season 3 | 90 Minutes | @disneyjr x @BlueyOfficialChannel,/watch?v=FP3Ndq8m9oA,1:36:10,Good Morning Song | An Original Song by Gracieâ€™s Corner | Kids Songs + Nursery Rhymes,/watch?v=dduOP1D4Vxg,3:34,ğŸ¹ Hamster Escapes the Pool,/watch?v=M0TPoOP6qAc,8:50
19,Tom Thomas' SECRET Valentine! â¤ï¸ | The Fixies | Animation for Kids,/watch?v=H2FJwA8iUOE,4:29:51,Shattered | Full Episode | Sonic Prime | Netflix After School,/watch?v=uCSOjGOQOAc,41:37,Hamster Escapes from the Prison Maze for Pets in real life ğŸ¹ in Hamster stories Part 4,/watch?v=1R5u3xQUUqI,8:05
20,Pingu As A Chef - Pingu Official Channel,/watch?v=Sct5j7Quo54,2:42,Tall Tale in India ğŸª· | Ollie and Moon English | Full Episode | Season 1 | Cartoons for kids,/watch?v=im6XAiw9zao,11:30,Let Your Confidence Shine! ğŸŒŸ | Rainbow High,/watch?v=bytzSGJnXWs,24:02
21,KIDZ BOP Kids - Old Town Road (Dance Along),/watch?v=-0Xn4kd8xqY,2:18,"Cozy Fall Coffee Shop Ambience: Relaxing Jazz Music & Rain Sounds for Studying, Relaxation, & Sleep",/watch?v=VMAPTo7RVCo,8:03:01,MIND CONTROL GAMING! ğŸ® | Johnny test Full Episode Compilation for Kids | WildBrain Max,/watch?v=kXYHE1YdjBU,3:53:59
22,Which bugs might be living in your home?,/watch?v=_QBZzBcpWAA,1:00,ğŸ˜± WATCH OUT! Giant toad prank scares cameraman dad,/watch?v=SPjvP1ypJyU,0:14,The Avengers Stop The Frightful Four | LEGO Marvel Avengers: Mission Demolition,/watch?v=TL4tYso1ogQ,2:12
23,Bedtime Stories | 50+ Minutes | Yakka Dee!,/watch?v=v9k48x8n3XM,54:19,I Adopted EVERY Dog In A Dog Shelter,/watch?v=YQDDm9HLkV4,16:04,Shattered | Full Episode | Sonic Prime | Netflix After School,/watch?v=uCSOjGOQOAc,41:37
24,These babies really donâ€™t want to take a nap! ğŸ‘¶ BABY born ğŸµğŸ¶ #shorts,/watch?v=1sLkeKax_-c,1:00,Maggie's Magic Vegetable Garden Stories | Shane the Chef Triple Bill | Shane the Chef Official,/watch?v=miy9pPUJaJU,29:01,HOW DO EARTHQUAKES HAPPEN? + More Science Experiments | SCIENCE MAX,/watch?v=BJHgcMucz1k,18:45
25,Only Olympic gold medalists can throw things!ğŸ¥‡ğŸ¥‡,/watch?v=9-5pcb28GX4,0:18,"Milly, Molly | Season 1, Episode 9 | Go Camping",/watch?v=QjfMwrCAxV8,12:46,Water Bottle Flip 2 | Dude Perfect,/watch?v=VJwoSfTOhyM,4:58
26,Good Night Forest ğŸ¦‡ğŸ¦¨ Full episode | Bubu and the Little Owls,/watch?v=aztlO00RUuY,11:01,Which bugs might be living in your home?,/watch?v=_QBZzBcpWAA,1:00,Teddy's Tale - Bitesize!,/watch?v=VFokE4TiEiQ,3:27
27,Blippi Visits an Indoor Playground | Learning Videos For Kids | Education Show For Toddlers,/watch?v=v2id3D31u0o,14:50,The Avengers Stop The Frightful Four | LEGO Marvel Avengers: Mission Demolition,/watch?v=TL4tYso1ogQ,2:12,"Dove Cameron, Cheyenne Jackson - Do What You Gotta Do (From ""Descendants 3"")",/watch?v=PrL_b__CHrw,3:02
28,"Ms Rachel & Elmo Get Ready For School - ABC Song, Numbers, Colors - Toddler & Preschool Learning",/watch?v=nnqsEUxgSBQ,1:00:34,The Barbie Podcast ğŸ™ï¸ Ep 4: Flipping the Script with Ali Stroker!,/watch?v=5z-1ksWIoP4,13:57,Itty Bitty Puppies and Kittens Need Homes! | Dodo Kids | Rescued!,/watch?v=N9k4wUsu9j4,9:04
29,Blippi Learns About Diwali! | Blippi Wonders Educational Videos for Kids,/watch?v=7yL7ORtvxxE,3:46,Together We Can | Learn How to Participate in Your Community | PBS KIDS,/watch?v=1khIyVM_vq4,3:05,"Break This Down (From ""Descendants 3"")",/watch?v=6PiM60us7bQ,3:41
30,"Clean Up, Clean Up | Barney's World | NEW Animated Music Video!",/watch?v=IPgrZoT-Jl8,2:07,Can Metal Heal Itself? ğŸ”© | PODCAST FOR KIDS ğŸ§ | Wow in the World FULL EPISODE,/watch?v=W8kuYEhvSw0,24:11,Can Metal Heal Itself? ğŸ”© | PODCAST FOR KIDS ğŸ§ | Wow in the World FULL EPISODE,/watch?v=W8kuYEhvSw0,24:11
31,"Baby Learning with Ms Rachel - Baby Songs, Speech, Sign Language for Babies - Baby Videos",/watch?v=zmEv7vTOQGE,1:00:02,Finn: â€œI Am Steveâ€ â›ï¸ğŸ˜ | Adventure Time | @cartoonnetworkuk  #shorts #minecraft #minecraftshorts,/watch?v=vsv9gPt4z2s,0:40,JoJo Siwa Gives Out MattyBRaps Phone Number!,/watch?v=BO7z1VfcMwI,3:12
32,Bandar Mama and Bananas | Bengali Rhymes for Children | Infobells,/watch?v=TMtObRLsYkw,2:13,Only Olympic gold medalists can throw things!ğŸ¥‡ğŸ¥‡,/watch?v=9-5pcb28GX4,0:18,Lonely Marmoset Finds Fun with Mongoose Friends | Love Nature Kids,/watch?v=lo5lWGb5aWc,8:01
33,Topsy & Tim 202 Full Episode - New Pet  | Shows for Kids | HD,/watch?v=LWscbX8X40M,11:15,Katelyn Ohashi - 10.0 Floor (1-12-19),/watch?v=4ic7RNS4Dfo,1:59,Why Do Cats Purr? - Tumble Science Podcast for Kids,/watch?v=eKF3RujQglM,19:34
34,"Celebrate Deepavali, also known as Diwali, with Nikhil & Jay | CBeebies",/watch?v=ahU9k8iJnk4,1:58,Welcome to Monster Fest | Monster Highâ„¢,/watch?v=_dwf8mKoSW0&list=PLIsR9TmiBZZ9XG2sIkSqbTXeFknFZX7h7,8 videos,The Barbie Podcast ğŸ™ï¸ Ep 4: Flipping the Script with Ali Stroker!,/watch?v=5z-1ksWIoP4,13:57
35,Hedge Helping Her Friends ğŸ’œ Day Of The Girl |Toad & Friends Official,/watch?v=Jvbj33GHVQk,3:01,Barney's World - All New Series ğŸ’œ âœ¨| Streaming Now,/watch?v=H9c3_GiizqI&list=PLKCNCfD_4af_en9SIab6OEkzp9l-H7UpP,9 videos,Welcome to Monster Fest | Monster Highâ„¢,/watch?v=_dwf8mKoSW0&list=PLIsR9TmiBZZ9XG2sIkSqbTXeFknFZX7h7,8 videos
36,"Cozy Fall Coffee Shop Ambience: Relaxing Jazz Music & Rain Sounds for Studying, Relaxation, & Sleep",/watch?v=VMAPTo7RVCo,8:03:01,"Bluey FULL Episodes Seasons 1 - 3 ğŸ’™ | Featuring Dad Baby, Faceytalk and more! | 2 HOURS | Bluey",/watch?v=aP-qKaig84M,1:55:39,SpongeBob's CLASSIC EPISODE Marathon | 240 Minute Compilation | @SpongeBobOfficial,/watch?v=8B8jplhrlso,3:50:43
37,ğŸ”´ The Boo Boo Moments - Peppa Pig Special | Peppa Pig Official Family Kids Cartoon,/watch?v=vLP95DwlD9E,2:02:03,7 MINUTE COMPILATION | PART 1 | BRAND NEW MORPH,/watch?v=xaDz6ZXSvo8,6:37,240 MINUTES of SpongeBobâ€™s Funniest Scenes ğŸ˜‚ | @SpongeBobOfficial,/watch?v=5puziyf8nSo,4:42:48
38,Peppa Pig's Boo Boo Moments,/watch?v=CC3tNJh8WUA,2:00:27,Bingo at the Movies ğŸ¿ ğŸ§¡ | Bluey Full Episode | Bingo - Official Channel,/watch?v=lbRg3Uo_HnI,7:01,"Ah, come on, being ""Wednesday"" isn't so bad... ğŸ˜‰ğŸ–¤  #StuckintheMiddle #Shorts",/watch?v=2Vk9hH012p4,0:11
39,Peppa Pig English Episodes | Peppa Pig's perfect Day at the Playground,/watch?v=XV3PnI5jf18,2:03:45,ğŸ”´LIVE: Best of Bluey Seasons 1 - 3! ğŸ’™ | FULL EPISODES | 2 HOURS | Bluey,/watch?v=8Z7OzKE1eP8,1:49:16,"You got it, dude #shorts",/watch?v=QgN0nOBnX6w,0:15
40,"Heeler Family Time ğŸ’™ ğŸ§¡ | Full Episodes | Baby Race, Asparagus, and More! | Bluey ğŸ’™",/watch?v=xzz6dwKtbqI,26:00,Curious George ğŸµğŸ‘»HALLOWEEN SPECIAL - In the Dark ğŸƒğŸµ Kids Cartoon ğŸµ Kids Movies | Videos for Kids,/watch?v=8Xz0-khYoro,19:41,The Amazing World of Gumball: Food Episodes Compilation #1 | Cartoon Network Asia,/watch?v=XxFvpUhmRak,15:12
41,ğŸ”´LIVE: Best of the Grown-Ups of Bluey ğŸ˜‡ | Quality Times with Bandit Chilli and more! ğŸ§¡ | Bluey,/watch?v=Z3uwuIdsiqU,1:02:05,ğŸ”´LIVE: Best of Family and Friends ğŸ§¡ âœ¨ | Unwind with Bingo and Bluey Moments | Bingo,/watch?v=DL1GkVNmu1o,2:13:36,Gravity Falls Full Episode | S1 E12 | Summerween | @disneyxd,/watch?v=-SNEwiG98SM,22:33
42,ğŸ”´ LIVE STREAM ğŸ¬ Masha and the Bear ğŸ‡ New Year resolutions ğŸ“‹âœ…,/watch?v=rVyIU8OWpTg,10:58:18,MAGIC FRUITS! ğŸ âœ¨ğŸ˜© | TALKING TOM SHORTS | WildBrain Kids,/watch?v=UvwuTVq0kd0,8:00:38,Starfire's Wedding! ğŸ’’ | Teen Titans Go! #shorts @dckids,/watch?v=nGyIgmkLfgA,0:39
43,"Ms Rachel & Elmo Get Ready For School - ABC Song, Numbers, Colors - Toddler & Preschool Learning",/watch?v=nnqsEUxgSBQ,1:00:34,OH NO! Tom Thomas Has A Black Eye! | The Fixies | WildBrain Fizz,/watch?v=NbIMZUwOMQ4,8:06:27,Every Time SpongeBob's House WASN'T A Pineapple ğŸ | Nicktoons,/watch?v=hzond0fF4MM,34:25
44,Sing | Try Not to Sing Challenge | 10 Minutes | Mini Moments,/watch?v=KjqtDep5mT0,9:33,"You got it, dude #shorts",/watch?v=QgN0nOBnX6w,0:15,Fixing the Titans | Teen Titans Go! | Cartoon Network,/watch?v=h6zIkE6zwuI,1:59
45,7 MINUTE COMPILATION | PART 1 | BRAND NEW MORPH,/watch?v=xaDz6ZXSvo8,6:37,Pingu As A Chef - Pingu Official Channel,/watch?v=Sct5j7Quo54,2:42,Pirate Plunder / Bad Bot ğŸ´â€â˜ ï¸ğŸ¤– | Full Episode | Spidey and His Amazing Friends | @disneyjunior,/watch?v=PLwNMXJpYQo,24:08
46,ğŸ”´ LIVE STREAM ğŸ¬ Masha and the Bear ğŸ¤— Spending Time Together ğŸ˜ğŸ«‚,/watch?v=S9XdbfjfnTw,10:59:31,Ninja Kidz Epic MOVIE!,/watch?v=XtNE_Btewp4,45:40,WORLD RECORD Kapla Tower Collapse (*BREATHTAKING*),/watch?v=7xNWOtXDMAI,4:38
47,"One Potato, Two Potatoes | Cocomelon | Learning Videos For Kids | Education Show For Toddlers",/watch?v=extcXqu8Ki4,30:05,Tom Thomas Has A Black Eye! | The Fixies | WildBrain Fizz,/watch?v=VPy6xAQTu2Y,8:06:28,ğŸ”´ LIVE: SpongeBob's Most Extreme Weather Marathon! ğŸ”¥â„ï¸ | Nickelodeon,/watch?v=5-6_PVhnZ0g,7:52:52
48,Vlad and Niki PAW Patrol 10th Anniversary Birthday Party! - Toy Pretend Play Play For Kids,/watch?v=0w8MJ_jjKJM,5:40,Barney's World Theme Song | Barney's World | NEW Music Video!,/watch?v=xPToJ7P26U4,1:04,Coming soon! It's BABY CITY GREENS ğŸ¼ #Shorts #bigcitygreens | Link: https://youtu.be/-gdqLogzdgc,/watch?v=YNX2De0QTSs,0:35
49,ğŸ”´LIVE: Best of Family and Friends ğŸ§¡ âœ¨ | Unwind with Bingo and Bluey Moments | Bingo,/watch?v=DL1GkVNmu1o,2:13:36,Good Morning Song | An Original Song by Gracieâ€™s Corner | Kids Songs + Nursery Rhymes,/watch?v=dduOP1D4Vxg,3:34,Hamster Escapes from the Prison Maze for Pets in real life ğŸ¹ in Hamster stories Part 4,/watch?v=1R5u3xQUUqI,8:05
50,"Bluey Full Episodes! | Keepy Uppy, Sleepytime, Bus and MORE! | 2 HOUR Compilation | @disneyjr",/watch?v=YRPnbCfawmk,2:11:48,Kayson Smash!! Mystery of the Missing Ninja Toys!,/watch?v=weh9MMmL9No,12:51,Teen Titans Go ğŸ‘Š | Titans Craziest Chaos! ğŸ¤¯| Compilation | Cartoon for Kids ğŸ¤©| @cnindia,/watch?v=GHIDGKhXXXI,39:49
51,"PAW Patrol Rubble's Funniest & Silliest Rescues! w/ Chase, Marshall & Skye | 1 Hour | Rubble & Crew",/watch?v=BluFyAMMlOU,59:14,Shattered | Full Episode | Sonic Prime | Netflix After School,/watch?v=uCSOjGOQOAc,41:37,Colors Of Raven | Teen Titans GO! | Episode 25,/watch?v=GoCb-OTOMzo,1:26
52,Blippi Visits an Indoor Playground | Learning Videos For Kids | Education Show For Toddlers,/watch?v=v2id3D31u0o,14:50,Tall Tale in India ğŸª· | Ollie and Moon English | Full Episode | Season 1 | Cartoons for kids,/watch?v=im6XAiw9zao,11:30,The Avengers Stop The Frightful Four | LEGO Marvel Avengers: Mission Demolition,/watch?v=TL4tYso1ogQ,2:12
53,Bingo at the Movies ğŸ¿ ğŸ§¡ | Bluey Full Episode | Bingo - Official Channel,/watch?v=lbRg3Uo_HnI,7:01,ğŸ˜± WATCH OUT! Giant toad prank scares cameraman dad,/watch?v=SPjvP1ypJyU,0:14,Ninja Kidz Epic MOVIE!,/watch?v=XtNE_Btewp4,45:40
54,The MEGA Minnie's Bow-Toons ğŸ€ Compilation | 2 Hour Compilation | Party Palace Pals | @disneyjr,/watch?v=70Y4YLxEhzs,2:02:58,Hamster Escapes from the Prison Maze for Pets in real life ğŸ¹ in Hamster stories Part 4,/watch?v=1R5u3xQUUqI,8:05,Best of Gumball's Unhinged Adventures | Amazing World of Gumball | Cartoon Network Africa,/watch?v=Y1jB8vOkJ04,24:45
55,PAW Patrol Marshall's BEST Lookout Tower Rescues! w/ Chase & Skye | 30 Minute Compilation | Nick Jr.,/watch?v=SD949Tgu1Co,30:10,Hamster Escapes The Awesome Minecraft Maze With Obstacle Course,/watch?v=Z_LSp0j-bhw,8:17,Kid Titans | Teen Titans Go! | Cartoon Network,/watch?v=NynXp6uWY7c,1:48
56,Peppa Pig Fills Up Her Cart | Peppa Pig Asia ğŸ½ Peppa Pig Full Episodes |,/watch?v=lJjaCbjekdo,21:02,EGG DROP CHALLENGE! Try not to crack ğŸ˜± | THE WILD ROBOT,/watch?v=N38j1HrlB70,0:42,Oggy and the Cockroaches - THE PRANKSTER (S05E74) CARTOON | New Episodes in HD,/watch?v=9MVV8CXi-CE,21:22
57,Halloween Costumes with Elmo and Friends | FIVE Full Sesame Street Episodes,/watch?v=uXKtlcOWPqQ,2:07:43,"Cozy Fall Coffee Shop Ambience: Relaxing Jazz Music & Rain Sounds for Studying, Relaxation, & Sleep",/watch?v=VMAPTo7RVCo,8:03:01,Let Your Confidence Shine! ğŸŒŸ | Rainbow High,/watch?v=bytzSGJnXWs,24:02
58,Ù„Ø§ ØªØ³Ù‚Ø·! | Talking Tom Ø§Ù„Ù‚ØµÙŠØ±Ø© | WildBrain Ø£Ø·ÙØ§Ù„,/watch?v=lJM-EBJu-P8,55:04,Which bugs might be living in your home?,/watch?v=_QBZzBcpWAA,1:00,FKJ  |  Ylang Ylang EP (Live Session),/watch?v=pfU0QORkRpY,19:11
59,PAW Patrol Halloween Best Spooky Rescue Episodes - PAW Patrol Cartoons for Kids Compilation,/watch?v=isFrBq5ni6Q,36:34,Maggie's Magic Vegetable Garden Stories | Shane the Chef Triple Bill | Shane the Chef Official,/watch?v=miy9pPUJaJU,29:01,Hamster Escapes The Awesome Minecraft Maze With Obstacle Course,/watch?v=Z_LSp0j-bhw,8:17
60,"Baby Learning with Ms Rachel - Baby Songs, Speech, Sign Language for Babies - Baby Videos",/watch?v=zmEv7vTOQGE,1:00:02,Finn: â€œI Am Steveâ€ â›ï¸ğŸ˜ | Adventure Time | @cartoonnetworkuk  #shorts #minecraft #minecraftshorts,/watch?v=vsv9gPt4z2s,0:40,MIND CONTROL GAMING! ğŸ® | Johnny test Full Episode Compilation for Kids | WildBrain Max,/watch?v=kXYHE1YdjBU,3:53:59
61,Blippi Learns About Diwali! | Blippi Wonders Educational Videos for Kids,/watch?v=7yL7ORtvxxE,3:46,"Milly, Molly | Season 1, Episode 9 | Go Camping",/watch?v=QjfMwrCAxV8,12:46,I Adopted EVERY Dog In A Dog Shelter,/watch?v=YQDDm9HLkV4,16:04
62,Barney's World Theme Song | Barney's World | NEW Music Video!,/watch?v=xPToJ7P26U4,1:04,The Avengers Stop The Frightful Four | LEGO Marvel Avengers: Mission Demolition,/watch?v=TL4tYso1ogQ,2:12,Good Morning Song | An Original Song by Gracieâ€™s Corner | Kids Songs + Nursery Rhymes,/watch?v=dduOP1D4Vxg,3:34
63,Bedtime Stories | 50+ Minutes | Yakka Dee!,/watch?v=v9k48x8n3XM,54:19,I Adopted EVERY Dog In A Dog Shelter,/watch?v=YQDDm9HLkV4,16:04,HOW DO EARTHQUAKES HAPPEN? + More Science Experiments | SCIENCE MAX,/watch?v=BJHgcMucz1k,18:45
64,Only Olympic gold medalists can throw things!ğŸ¥‡ğŸ¥‡,/watch?v=9-5pcb28GX4,0:18,Kiki's Diner: OmoBerry Spoofs #willowsdiner #willowpenelope,/watch?v=APW7a87FlbE,0:26,"Dove Cameron, Cheyenne Jackson - Do What You Gotta Do (From ""Descendants 3"")",/watch?v=PrL_b__CHrw,3:02
65,KIDZ BOP Kids - Old Town Road (Dance Along),/watch?v=-0Xn4kd8xqY,2:18,The Barbie Podcast ğŸ™ï¸ Ep 4: Flipping the Script with Ali Stroker!,/watch?v=5z-1ksWIoP4,13:57,Teddy's Tale - Bitesize!,/watch?v=VFokE4TiEiQ,3:27
66,Which bugs might be living in your home?,/watch?v=_QBZzBcpWAA,1:00,Together We Can | Learn How to Participate in Your Community | PBS KIDS,/watch?v=1khIyVM_vq4,3:05,Can Metal Heal Itself? ğŸ”© | PODCAST FOR KIDS ğŸ§ | Wow in the World FULL EPISODE,/watch?v=W8kuYEhvSw0,24:11
67,Good Night Forest ğŸ¦‡ğŸ¦¨ Full episode | Bubu and the Little Owls,/watch?v=aztlO00RUuY,11:01,Only Olympic gold medalists can throw things!ğŸ¥‡ğŸ¥‡,/watch?v=9-5pcb28GX4,0:18,The Barbie Podcast ğŸ™ï¸ Ep 4: Flipping the Script with Ali Stroker!,/watch?v=5z-1ksWIoP4,13:57
68,"Celebrate Deepavali, also known as Diwali, with Nikhil & Jay | CBeebies",/watch?v=ahU9k8iJnk4,1:58,Katelyn Ohashi - 10.0 Floor (1-12-19),/watch?v=4ic7RNS4Dfo,1:59,Lonely Marmoset Finds Fun with Mongoose Friends | Love Nature Kids,/watch?v=lo5lWGb5aWc,8:01
69,Kiki's Diner: OmoBerry Spoofs #willowsdiner #willowpenelope,/watch?v=APW7a87FlbE,0:26,Can Metal Heal Itself? ğŸ”© | PODCAST FOR KIDS ğŸ§ | Wow in the World FULL EPISODE,/watch?v=W8kuYEhvSw0,24:11,Why Do Cats Purr? - Tumble Science Podcast for Kids,/watch?v=eKF3RujQglM,19:34
70,Topsy & Tim 202 Full Episode - New Pet  | Shows for Kids | HD,/watch?v=LWscbX8X40M,11:15,Welcome to Monster Fest | Monster Highâ„¢,/watch?v=_dwf8mKoSW0&list=PLIsR9TmiBZZ9XG2sIkSqbTXeFknFZX7h7,8 videos,Scare-adise Island Beach Vacation ft. Draculaura & Clawdeen (Official Music Video) | Monster High,/watch?v=_dwf8mKoSW0,2:16
71,Hedge Helping Her Friends ğŸ’œ Day Of The Girl |Toad & Friends Official,/watch?v=Jvbj33GHVQk,3:01,Barney's World - All New Series ğŸ’œ âœ¨| Streaming Now,/watch?v=H9c3_GiizqI&list=PLKCNCfD_4af_en9SIab6OEkzp9l-H7UpP,9 videos,Welcome to Monster Fest | Monster Highâ„¢,/watch?v=_dwf8mKoSW0&list=PLIsR9TmiBZZ9XG2sIkSqbTXeFknFZX7h7,8 videos
72,7 MINUTE COMPILATION | PART 1 | BRAND NEW MORPH,/watch?v=xaDz6ZXSvo8,6:37,"Heeler Family Time ğŸ’™ ğŸ§¡ | Full Episodes | Baby Race, Asparagus, and More! | Bluey ğŸ’™",/watch?v=xzz6dwKtbqI,26:00,Kayson Smash!! Mystery of the Missing Ninja Toys!,/watch?v=weh9MMmL9No,12:51
73,PAW Patrol Halloween Best Spooky Rescue Episodes - PAW Patrol Cartoons for Kids Compilation,/watch?v=isFrBq5ni6Q,36:34,SpongeBob's CLASSIC EPISODE Marathon | 240 Minute Compilation | @SpongeBobOfficial,/watch?v=8B8jplhrlso,3:50:43,Ninja Kidz Epic MOVIE!,/watch?v=XtNE_Btewp4,45:40
74,ğŸ”´LIVE: Bluey Episodes that have Halloween Energy ğŸ‘» | Bluey,/watch?v=hBf_SDhSLCg,1:22:41,Best of NEW SpongeBob Episodes! (Part 4) | 3 Hour Compilation | SpongeBob,/watch?v=VPIkRV9zNnk,3:04:54,Starfire's Wedding! ğŸ’’ | Teen Titans Go! #shorts @dckids,/watch?v=nGyIgmkLfgA,0:39
75,"Ms Rachel & Elmo Get Ready For School - ABC Song, Numbers, Colors - Toddler & Preschool Learning",/watch?v=nnqsEUxgSBQ,1:00:34,Ninja Kidz Epic MOVIE!,/watch?v=XtNE_Btewp4,45:40,Electro's Gotta Glow / Black Cat Chaos | Spidey and His Amazing Friends | @disneyjr @MarvelHQ,/watch?v=I5e8kKp5zKU,24:08
76,Pingu As A Chef - Pingu Official Channel,/watch?v=Sct5j7Quo54,2:42,Starfire's Wedding! ğŸ’’ | Teen Titans Go! #shorts @dckids,/watch?v=nGyIgmkLfgA,0:39,The Amazing World of Gumball: Food Episodes Compilation #1 | Cartoon Network Asia,/watch?v=XxFvpUhmRak,15:12
77,Bluey Series 2 Highlights ğŸ¤© ğŸ’™ | Best of Bluey Season 2 | Bluey,/watch?v=dAdUIH87d5E,22:40,Tom Thomas Has A Black Eye! | The Fixies | WildBrain Fizz,/watch?v=VPy6xAQTu2Y,8:06:28,Ice Cream | Funny Episodes | Mr Bean Cartoon World,/watch?v=HOYpAgWPTps,40:52
78,Peppa Jumps in a Muddy Puddle #shorts,/watch?v=vKBvhca1rwM,0:12,ğŸ”´ LIVE: Unwind with the Heelers ğŸ’™ | Wholesome Family Moments with Bluey | Bluey,/watch?v=mm3AbWA13P4,2:15:28,SpongeBob's CLASSIC EPISODE Marathon | 240 Minute Compilation | @SpongeBobOfficial,/watch?v=8B8jplhrlso,3:50:43
79,Blippi Visits an Indoor Playground | Learning Videos For Kids | Education Show For Toddlers,/watch?v=v2id3D31u0o,14:50,OH NO! Tom Thomas Has A Black Eye! | The Fixies | WildBrain Fizz,/watch?v=NbIMZUwOMQ4,8:06:27,Colors Of Raven | Teen Titans GO! | Episode 25,/watch?v=GoCb-OTOMzo,1:26
80,ğŸ”´LIVE: Best of Family and Friends ğŸ§¡ âœ¨ | Unwind with Bingo and Bluey Moments | Bingo,/watch?v=DL1GkVNmu1o,2:13:36,ğŸ”´LIVE: Playtime with Bingo and Friends ğŸ§¡ | Fun and Games with Bingo and Bluey | Bingo,/watch?v=R84upvIbrr4,2:22:09,Teen Titans Go ğŸ‘Š | Titans Craziest Chaos! ğŸ¤¯| Compilation | Cartoon for Kids ğŸ¤©| @cnindia,/watch?v=GHIDGKhXXXI,39:49
81,PAW Patrol Marshall's BEST Lookout Tower Rescues! w/ Chase & Skye | 30 Minute Compilation | Nick Jr.,/watch?v=SD949Tgu1Co,30:10,ğŸ”´LIVE: Best of Family and Friends ğŸ§¡ âœ¨ | Unwind with Bingo and Bluey Moments | Bingo,/watch?v=DL1GkVNmu1o,2:13:36,60 Minutes of TRICKS ğŸƒ | SpongeBob,/watch?v=4XsyMCJCPvE,1:01:02
82,Halloween Zombies | Zombie Still AliveğŸ§Ÿâ€â™‚ï¸ #pororo #shorts #zombie,/watch?v=8DFc9ZVUG1o,0:31,7 MINUTE COMPILATION | PART 1 | BRAND NEW MORPH,/watch?v=xaDz6ZXSvo8,6:37,Meet Disgust - Inside Out,/watch?v=7yKL4XdvoFs,0:18
83,Masha And The Bear - ğŸŒ·INTERNATIONAL WOMEN'S DAY with Masha! ğŸ’•ğŸ‘±â€â™€ï¸,/watch?v=Kkxems98P8o,28:12,Gasp! | A Mickey Mouse Cartoon | Disney Shows,/watch?v=8k1axb8PPqQ,3:51,âš ï¸Donâ€™t press Joyâ€™s buttonsâš ï¸ğŸ˜¬See #InsideOut2 only in theaters in ğŸ”Ÿ DAYS! #disney #movie,/watch?v=Ib3U1WwK8NA,0:40
84,Halloween Episodes | Full Episodes | Clifford's Puppy Days,/watch?v=INbJ7CIWCp0,58:09,ğŸ˜± WATCH OUT! Giant toad prank scares cameraman dad,/watch?v=SPjvP1ypJyU,0:14,Teddy's Tale - Bitesize!,/watch?v=VFokE4TiEiQ,3:27
85,Dinner At Rebecca Rabbit's House ğŸ¥• | Peppa Pig Official Full Episodes,/watch?v=r0myFoYi3d8,2:00:41,ğŸ˜± WATCH OUT! Giant toads are scary FUN!,/watch?v=x3tspIvGQcE,0:40,Gravity Falls Full Episode | S1 E12 | Summerween | @disneyxd,/watch?v=-SNEwiG98SM,22:33
86,Bingo at the Movies ğŸ¿ ğŸ§¡ | Bluey Full Episode | Bingo - Official Channel,/watch?v=lbRg3Uo_HnI,7:01,"Cozy Fall Coffee Shop Ambience: Relaxing Jazz Music & Rain Sounds for Studying, Relaxation, & Sleep",/watch?v=VMAPTo7RVCo,8:03:01,Mr Bean's Car Wash ğŸš—ğŸ§¼ | Mr Bean Animated Cartoons | Season 2 | Full Episodes | Cartoons for Kids,/watch?v=Tm91mtdlkEc,55:02
87,A Mighty Meteor Shower â˜„ï¸ | MIGHTY MONSTERWHEELIES | Netflix,/watch?v=7NJ1CAdlJHA,3:58,Paxton and Payton Twin Smash!! Super Team Up!,/watch?v=3LdE3y9ehVk,10:13,Hamster Escapes The Awesome Minecraft Maze With Obstacle Course,/watch?v=Z_LSp0j-bhw,8:17
88,Barney's World Theme Song | Barney's World | NEW Music Video!,/watch?v=xPToJ7P26U4,1:04,Kiki's Diner: OmoBerry Spoofs #willowsdiner #willowpenelope,/watch?v=APW7a87FlbE,0:26,Tom & Jerry ğŸ˜ºğŸ­| Catch the Hour-Long Cat and Mouse Game ğŸ˜†| Funny Compilation ğŸ¤©| Cartoon Network âœ¨,/watch?v=rLbY-xZQUyw,58:34
89,Vlad and Niki PAW Patrol 10th Anniversary Birthday Party! - Toy Pretend Play Play For Kids,/watch?v=0w8MJ_jjKJM,5:40,Maggie's Magic Vegetable Garden Stories | Shane the Chef Triple Bill | Shane the Chef Official,/watch?v=miy9pPUJaJU,29:01,ğŸ¹ Hamster Escapes the Pool,/watch?v=M0TPoOP6qAc,8:50
90,Masha and the Bear 2024 ğŸ¬ NEW EPISODE! ğŸ¬ Best cartoon collection ğŸ¥” Soup Pursuit ğŸ¥•ğŸ²,/watch?v=gEbbHlMXE9Y,1:06:05,Only Olympic gold medalists can throw things!ğŸ¥‡ğŸ¥‡,/watch?v=9-5pcb28GX4,0:18,Spicy Food Fire Breath | Teen Titans Go! | Watch more on Cartoon Network #Shorts,/watch?v=mslNQske1_k,0:27
91,Sesame Street: This is the Way We Go to School Song with Ms. Rachel and Elmo,/watch?v=8m_5axjXLVM,2:11,Hamster Escapes The Awesome Minecraft Maze With Obstacle Course,/watch?v=Z_LSp0j-bhw,8:17,Every Time SpongeBob's House WASN'T A Pineapple ğŸ | Nicktoons,/watch?v=hzond0fF4MM,34:25
92,Booba ğŸ”´ All Episodes Compilation ğŸ”´ Cartoon For Kids Super Toons TV,/watch?v=ZDwFobquz5k,11:54:56,The Avengers Stop The Frightful Four | LEGO Marvel Avengers: Mission Demolition,/watch?v=TL4tYso1ogQ,2:12,Shattered | Full Episode | Sonic Prime | Netflix After School,/watch?v=uCSOjGOQOAc,41:37
93,Halloween Costumes with Elmo and Friends | FIVE Full Sesame Street Episodes,/watch?v=uXKtlcOWPqQ,2:07:43,Tall Tale in India ğŸª· | Ollie and Moon English | Full Episode | Season 1 | Cartoons for kids,/watch?v=im6XAiw9zao,11:30,Water Bottle Flip 2 | Dude Perfect,/watch?v=VJwoSfTOhyM,4:58
94,Morphle is CRYING! - Mila and Morphle |  Kids Videos | My Magic Pet Morphle,/watch?v=03HFSliBWy4,1:01:53,I Adopted EVERY Dog In A Dog Shelter,/watch?v=YQDDm9HLkV4,16:04,Good Morning Song | An Original Song by Gracieâ€™s Corner | Kids Songs + Nursery Rhymes,/watch?v=dduOP1D4Vxg,3:34
95,Bedtime Stories | 50+ Minutes | Yakka Dee!,/watch?v=v9k48x8n3XM,54:19,EGG DROP CHALLENGE! Try not to crack ğŸ˜± | THE WILD ROBOT,/watch?v=N38j1HrlB70,0:42,The Avengers Stop The Frightful Four | LEGO Marvel Avengers: Mission Demolition,/watch?v=TL4tYso1ogQ,2:12
96,Blippi Learns About Diwali! | Blippi Wonders Educational Videos for Kids,/watch?v=7yL7ORtvxxE,3:46,Which bugs might be living in your home?,/watch?v=_QBZzBcpWAA,1:00,"Break This Down (From ""Descendants 3"")",/watch?v=6PiM60us7bQ,3:41
97,The Floor Is Grape Jelly | Barney's World | FULL EPISODE | Cartoons For Kids,/watch?v=H9c3_GiizqI,11:26,"Milly, Molly | Season 1, Episode 9 | Go Camping",/watch?v=QjfMwrCAxV8,12:46,MIND CONTROL GAMING! ğŸ® | Johnny test Full Episode Compilation for Kids | WildBrain Max,/watch?v=kXYHE1YdjBU,3:53:59
98,Barneyâ€™s World Theme Song | Barney's World | NEW Animated Music Video!,/watch?v=e0-ZjHTx39U,1:48,Finn: â€œI Am Steveâ€ â›ï¸ğŸ˜ | Adventure Time | @cartoonnetworkuk  #shorts #minecraft #minecraftshorts,/watch?v=vsv9gPt4z2s,0:40,Avoid the Void ğŸŒ€ FULL EPISODE | Sonic Prime | Netflix After School,/watch?v=Ym3OWqSavVE,21:42
99,Topsy & Tim 202 Full Episode - New Pet  | Shows for Kids | HD,/watch?v=LWscbX8X40M,11:15,Friendship and Family in Moominvalley | Moominvalley compilation,/watch?v=Q-YiDScLh0c,29:02,HOW DO EARTHQUAKES HAPPEN? + More Science Experiments | SCIENCE MAX,/watch?v=BJHgcMucz1k,18:45
100,Good Night Forest ğŸ¦‡ğŸ¦¨ Full episode | Bubu and the Little Owls,/watch?v=aztlO00RUuY,11:01,Shattered | Full Episode | Sonic Prime | Netflix After School,/watch?v=uCSOjGOQOAc,41:37,I Adopted EVERY Dog In A Dog Shelter,/watch?v=YQDDm9HLkV4,16:04
101,"Baby Learning with Ms Rachel - Baby Songs, Speech, Sign Language for Babies - Baby Videos",/watch?v=zmEv7vTOQGE,1:00:02,Can Metal Heal Itself? ğŸ”© | PODCAST FOR KIDS ğŸ§ | Wow in the World FULL EPISODE,/watch?v=W8kuYEhvSw0,24:11,JoJo Siwa Gives Out MattyBRaps Phone Number!,/watch?v=BO7z1VfcMwI,3:12
102,Hedge Helping Her Friends ğŸ’œ Day Of The Girl |Toad & Friends Official,/watch?v=Jvbj33GHVQk,3:01,THE AMAZING SPIDER-CORGI - Topi the Corgi,/watch?v=Gt8nnakrDQk,1:05,FKJ  |  Ylang Ylang EP (Live Session),/watch?v=pfU0QORkRpY,19:11
103,Gabby Goes K-POP with NMIXX! | GABBY'S DOLLHOUSE,/watch?v=4wB2b5u-wP0,0:42,The Barbie Podcast ğŸ™ï¸ Ep 4: Flipping the Script with Ali Stroker!,/watch?v=5z-1ksWIoP4,13:57,The Barbie Podcast ğŸ™ï¸ Ep 4: Flipping the Script with Ali Stroker!,/watch?v=5z-1ksWIoP4,13:57
104,Kiki's Diner: OmoBerry Spoofs #willowsdiner #willowpenelope,/watch?v=APW7a87FlbE,0:26,Good Morning Song | An Original Song by Gracieâ€™s Corner | Kids Songs + Nursery Rhymes,/watch?v=dduOP1D4Vxg,3:34,Why Do Cats Purr? - Tumble Science Podcast for Kids,/watch?v=eKF3RujQglM,19:34
105,"Celebrate Deepavali, also known as Diwali, with Nikhil & Jay | CBeebies",/watch?v=ahU9k8iJnk4,1:58,"NEW Girl Of The Year ANTHEM (Music Video) feat. Lila, Kavi, Corinne, Kira, & Joss! | American Girl",/watch?v=QZjAMsqVnqI,2:20,Can Metal Heal Itself? ğŸ”© | PODCAST FOR KIDS ğŸ§ | Wow in the World FULL EPISODE,/watch?v=W8kuYEhvSw0,24:11
106,Only Olympic gold medalists can throw things!ğŸ¥‡ğŸ¥‡,/watch?v=9-5pcb28GX4,0:18,Together We Can | Learn How to Participate in Your Community | PBS KIDS,/watch?v=1khIyVM_vq4,3:05,BTS So Happy Challenge with Brent Rivera | Radio Disney Music Awards,/watch?v=Zq5ESvmKagc,2:38
107,Barney's World - All New Series ğŸ’œ âœ¨| Streaming Now,/watch?v=H9c3_GiizqI&list=PLKCNCfD_4af_en9SIab6OEkzp9l-H7UpP,9 videos,Welcome to Monster Fest | Monster Highâ„¢,/watch?v=_dwf8mKoSW0&list=PLIsR9TmiBZZ9XG2sIkSqbTXeFknFZX7h7,8 videos,Welcome to Monster Fest | Monster Highâ„¢,/watch?v=_dwf8mKoSW0&list=PLIsR9TmiBZZ9XG2sIkSqbTXeFknFZX7h7,8 videos
108,ğŸ”´ğŸ”´ğŸ”´ Peppa Pig Goes to the Doctor | Peppa Pig Official Family Kids Cartoon |,/watch?v=5bBuNtMsRXY,4:55:54,"Heeler Family Time ğŸ’™ ğŸ§¡ | Full Episodes | Baby Race, Asparagus, and More! | Bluey ğŸ’™",/watch?v=xzz6dwKtbqI,26:00,Hamster Escapes from the Prison Maze for Pets in real life ğŸ¹ in Hamster stories Part 4,/watch?v=1R5u3xQUUqI,8:05
109,Tom Thomas' Water Overload: Watch Him Almost Burst! | The Fixies | Animation for Kids,/watch?v=kxm7ZB7crHs,4:31:37,Ninja Kidz Epic MOVIE!,/watch?v=XtNE_Btewp4,45:40,Best of NEW SpongeBob Episodes! (Part 4) | 3 Hour Compilation | SpongeBob,/watch?v=VPIkRV9zNnk,3:04:54
110,ğŸ”´ The Boo Boo Moments - Peppa Pig Special | Peppa Pig Official Family Kids Cartoon,/watch?v=vLP95DwlD9E,2:02:03,"Cozy Fall Coffee Shop Ambience: Relaxing Jazz Music & Rain Sounds for Studying, Relaxation, & Sleep",/watch?v=VMAPTo7RVCo,8:03:01,ğŸ¹ Hamster Escapes the Pop It Maze for Pets in real life ğŸ¹,/watch?v=5X-jxn_OlIs,10:51
111,"NEW Bluey Series 1, 2 & 3 FULL EPISODES | Featuring Bingo, Dad Baby and 16 More! ğŸ’™ğŸ§¡ | Bluey",/watch?v=Yrg4qjKZlMw,1:55:44,"Bluey FULL Episodes Seasons 1 - 3 ğŸ’™ | Featuring Dad Baby, Faceytalk and more! | 2 HOURS | Bluey",/watch?v=aP-qKaig84M,1:55:39,Starfire's Wedding! ğŸ’’ | Teen Titans Go! #shorts @dckids,/watch?v=nGyIgmkLfgA,0:39
112,ğŸ”´ LIVE: Unwind with the Heelers ğŸ’™ | Wholesome Family Moments with Bluey | Bluey,/watch?v=mm3AbWA13P4,2:15:28,7 MINUTE COMPILATION | PART 1 | BRAND NEW MORPH,/watch?v=xaDz6ZXSvo8,6:37,Ninja Kidz Epic MOVIE!,/watch?v=XtNE_Btewp4,45:40
113,7 MINUTE COMPILATION | PART 1 | BRAND NEW MORPH,/watch?v=xaDz6ZXSvo8,6:37,Gasp! | A Mickey Mouse Cartoon | Disney Shows,/watch?v=8k1axb8PPqQ,3:51,Meet Disgust - Inside Out,/watch?v=7yKL4XdvoFs,0:18
114,ğŸ”´LIVE: Best of Family and Friends ğŸ§¡ âœ¨ | Unwind with Bingo and Bluey Moments | Bingo,/watch?v=DL1GkVNmu1o,2:13:36,OH NO! Tom Thomas Has A Black Eye! | The Fixies | WildBrain Fizz,/watch?v=NbIMZUwOMQ4,8:06:27,The Amazing World of Gumball: Food Episodes Compilation #1 | Cartoon Network Asia,/watch?v=XxFvpUhmRak,15:12
115,PAW Patrol Halloween Best Spooky Rescue Episodes - PAW Patrol Cartoons for Kids Compilation,/watch?v=isFrBq5ni6Q,36:34,Barney's World Theme Song | Barney's World | NEW Music Video!,/watch?v=xPToJ7P26U4,1:04,Electro's Gotta Glow | S2 E1 Part 1 | Full Episode | Spidey and his Amazing Friends | @disneyjunior,/watch?v=QKPYe5vtFF4,12:48
116,PAW Patrol Marshall's BEST Lookout Tower Rescues! w/ Chase & Skye | 30 Minute Compilation | Nick Jr.,/watch?v=SD949Tgu1Co,30:10,ğŸ”´LIVE: Best of Family and Friends ğŸ§¡ âœ¨ | Unwind with Bingo and Bluey Moments | Bingo,/watch?v=DL1GkVNmu1o,2:13:36,Kayson Smash!! Mystery of the Missing Ninja Toys!,/watch?v=weh9MMmL9No,12:51
117,Pingu As A Chef - Pingu Official Channel,/watch?v=Sct5j7Quo54,2:42,Pingu As A Chef - Pingu Official Channel,/watch?v=Sct5j7Quo54,2:42,Pirate Plunder / Bad Bot ğŸ´â€â˜ ï¸ğŸ¤– | Full Episode | Spidey and His Amazing Friends | @disneyjunior,/watch?v=PLwNMXJpYQo,24:08
118,"Cozy Fall Coffee Shop Ambience: Relaxing Jazz Music & Rain Sounds for Studying, Relaxation, & Sleep",/watch?v=VMAPTo7RVCo,8:03:01,SpongeBob's CLASSIC EPISODE Marathon | 240 Minute Compilation | @SpongeBobOfficial,/watch?v=8B8jplhrlso,3:50:43,SpongeBob's CLASSIC EPISODE Marathon | 240 Minute Compilation | @SpongeBobOfficial,/watch?v=8B8jplhrlso,3:50:43
119,Sing | Try Not to Sing Challenge | 10 Minutes | Mini Moments,/watch?v=KjqtDep5mT0,9:33,Rubble Solves a Spooky Halloween Mystery! w/ PAW Patrol | 90 Minute Compilation | Rubble & Crew,/watch?v=DpGyifIlII4,1:32:06,Good Morning Song | An Original Song by Gracieâ€™s Corner | Kids Songs + Nursery Rhymes,/watch?v=dduOP1D4Vxg,3:34
120,"One Potato, Two Potatoes | Cocomelon | Learning Videos For Kids | Education Show For Toddlers",/watch?v=extcXqu8Ki4,30:05,Starfire's Wedding! ğŸ’’ | Teen Titans Go! #shorts @dckids,/watch?v=nGyIgmkLfgA,0:39,Kid Titans | Teen Titans Go! | Cartoon Network,/watch?v=NynXp6uWY7c,1:48
121,ğŸ”´LIVE: Playtime with Bingo and Friends ğŸ§¡ | Fun and Games with Bingo and Bluey | Bingo,/watch?v=R84upvIbrr4,2:22:09,Mickey Mouse Clubhouse Full Episode | Pluto's Ball | S1 E12 | @disneyjr,/watch?v=0g1RuOTsN88,24:02,Go Dino-Webs Go! | Full Episode | Spidey and His Amazing Friends | @disneyjunior @MarvelHQ,/watch?v=mmlW8_oXEQY,12:53
122,PAW Patrol Rescue Wheels Adventures! #6 w/ Zuma ğŸš— 3 Hours | Nick Jr.,/watch?v=FpjNrkZ1Tsg,3:00:37,The Floor Is Grape Jelly | Barney's World | FULL EPISODE | Cartoons For Kids,/watch?v=H9c3_GiizqI,11:26,Colors Of Raven | Teen Titans GO! | Episode 25,/watch?v=GoCb-OTOMzo,1:26
123,Peppa Pig English Episodes | Peppa Pig's perfect Day at the Playground,/watch?v=XV3PnI5jf18,2:03:45,Tall Tale in India ğŸª· | Ollie and Moon English | Full Episode | Season 1 | Cartoons for kids,/watch?v=im6XAiw9zao,11:30,Fixing the Titans | Teen Titans Go! | Cartoon Network,/watch?v=h6zIkE6zwuI,1:59
124,Peppa Pig Fills Up Her Cart | Peppa Pig Asia ğŸ½ Peppa Pig Full Episodes |,/watch?v=lJjaCbjekdo,21:02,"You got it, dude #shorts",/watch?v=QgN0nOBnX6w,0:15,Let Your Confidence Shine! ğŸŒŸ | Rainbow High,/watch?v=bytzSGJnXWs,24:02
125,Mickey Mouse Clubhouse Halloween Mickey's Treat Full Episode ğŸƒ | S1 E17 | @disneyjr,/watch?v=i6bORQh_9LQ,24:01,Best of NEW SpongeBob Episodes! (Part 4) | 3 Hour Compilation | SpongeBob,/watch?v=VPIkRV9zNnk,3:04:54,WORLD RECORD Kapla Tower Collapse (*BREATHTAKING*),/watch?v=7xNWOtXDMAI,4:38
126,Blippi Learns About Diwali! | Blippi Wonders Educational Videos for Kids,/watch?v=7yL7ORtvxxE,3:46,"PAW Patrol Rubble's Funniest & Silliest Rescues! w/ Chase, Marshall & Skye | 1 Hour | Rubble & Crew",/watch?v=BluFyAMMlOU,59:14,10 Minute Barbie Movie Preview | Barbie & Stacie To The Rescue! | Netflix,/watch?v=dylYhILDEGg,9:54
127,Elmo Sings the ABC's! #sesamestreet,/watch?v=sHHgFe-jvIw,1:00,Colors Of Raven | Teen Titans GO! | Episode 25,/watch?v=GoCb-OTOMzo,1:26,L.O.L. Surprise! The Skate Dance Movie ğŸ›¹ğŸ©° | Full Movies for Kids,/watch?v=gehNVSlfEyY,51:31
128,Mickey and Donald Have a Farm ğŸšœ | S4 E1 | Full Episode | Mickey Mouse Clubhouse | @disneyjr,/watch?v=XOnHtStmbCI,30:02,Paxton and Payton Twin Smash!! Super Team Up!,/watch?v=3LdE3y9ehVk,10:13,Meet Anger - Inside Out,/watch?v=6x4lp2X214Y,0:20
129,"Ms Rachel & Elmo Get Ready For School - ABC Song, Numbers, Colors - Toddler & Preschool Learning",/watch?v=nnqsEUxgSBQ,1:00:34,ğŸ¹ Hamster Escapes the Pool,/watch?v=M0TPoOP6qAc,8:50,PAW Patrol Skye Makes a Monster Truck Rescue & Saves Robo-Dog! w/ Roxi & Chase | Shimmer and Shine,/watch?v=bn9b2NyTcys,4:36
130,Masha and the Bear 2022 ğŸ¬ NEW EPISODE! ğŸ¬ Best cartoon collection ğŸŒ±ğŸŒ¾ How to Train Your Plant,/watch?v=ZarMVS7MQSk,1:06:38,ğŸ˜± WATCH OUT! Giant toad prank scares cameraman dad,/watch?v=SPjvP1ypJyU,0:14,PAW Patrol Mighty Pups to the Rescue! w/ Skye & Liberty | 90 Minute Compilation | Shimmer and Shine,/watch?v=XOTfj0_KLB0,1:31:22
131,The Floor Is Grape Jelly | Barney's World | FULL EPISODE | Cartoons For Kids,/watch?v=H9c3_GiizqI,11:26,Hamster Escapes from the Prison Maze for Pets in real life ğŸ¹ in Hamster stories Part 4,/watch?v=1R5u3xQUUqI,8:05,We're fired up! ğŸ“£#ZOMBIESReanimated #DisneyChannel,/watch?v=MitFel7QHWs,0:59
132,Blippi Visits an Indoor Playground | Learning Videos For Kids | Education Show For Toddlers,/watch?v=v2id3D31u0o,14:50,Good Morning Song | An Original Song by Gracieâ€™s Corner | Kids Songs + Nursery Rhymes,/watch?v=dduOP1D4Vxg,3:34,Itty Bitty Puppies and Kittens Need Homes! | Dodo Kids | Rescued!,/watch?v=N9k4wUsu9j4,9:04
133,Vlad and Niki PAW Patrol 10th Anniversary Birthday Party! - Toy Pretend Play Play For Kids,/watch?v=0w8MJ_jjKJM,5:40,Maggie's Magic Vegetable Garden Stories | Shane the Chef Triple Bill | Shane the Chef Official,/watch?v=miy9pPUJaJU,29:01,HOW DO EARTHQUAKES HAPPEN? + More Science Experiments | SCIENCE MAX,/watch?v=BJHgcMucz1k,18:45
134,Bedtime Stories | 50+ Minutes | Yakka Dee!,/watch?v=v9k48x8n3XM,54:19,"Milly, Molly | Season 1, Episode 9 | Go Camping",/watch?v=QjfMwrCAxV8,12:46,The Barbie Podcast ğŸ™ï¸ Ep 4: Flipping the Script with Ali Stroker!,/watch?v=5z-1ksWIoP4,13:57
135,Barneyâ€™s World Theme Song | Barney's World | NEW Animated Music Video!,/watch?v=e0-ZjHTx39U,1:48,Om Nom Stories ğŸ’ªğŸ’¥ New Neighbors - Game On ğŸ®,/watch?v=Lmj0wzQgMnw,19:15,"Dove Cameron, Cheyenne Jackson - Do What You Gotta Do (From ""Descendants 3"")",/watch?v=PrL_b__CHrw,3:02
136,Good Night Forest ğŸ¦‡ğŸ¦¨ Full episode | Bubu and the Little Owls,/watch?v=aztlO00RUuY,11:01,Only Olympic gold medalists can throw things!ğŸ¥‡ğŸ¥‡,/watch?v=9-5pcb28GX4,0:18,Teddy's Tale - Bitesize!,/watch?v=VFokE4TiEiQ,3:27
137,Which bugs might be living in your home?,/watch?v=_QBZzBcpWAA,1:00,The Barbie Podcast ğŸ™ï¸ Ep 4: Flipping the Script with Ali Stroker!,/watch?v=5z-1ksWIoP4,13:57,Do Emotions Have Emotions?,/watch?v=WVG0hcZPp9k,4:52
138,"Clean Up, Clean Up | Barney's World | NEW Animated Music Video!",/watch?v=IPgrZoT-Jl8,2:07,Finn: â€œI Am Steveâ€ â›ï¸ğŸ˜ | Adventure Time | @cartoonnetworkuk  #shorts #minecraft #minecraftshorts,/watch?v=vsv9gPt4z2s,0:40,Water Bottle Flip 2 | Dude Perfect,/watch?v=VJwoSfTOhyM,4:58
139,Topsy & Tim 202 Full Episode - New Pet  | Shows for Kids | HD,/watch?v=LWscbX8X40M,11:15,Friendship and Family in Moominvalley | Moominvalley compilation,/watch?v=Q-YiDScLh0c,29:02,Lonely Marmoset Finds Fun with Mongoose Friends | Love Nature Kids,/watch?v=lo5lWGb5aWc,8:01
140,"Baby Learning with Ms Rachel - Baby Songs, Speech, Sign Language for Babies - Baby Videos",/watch?v=zmEv7vTOQGE,1:00:02,Kiki's Diner: OmoBerry Spoofs #willowsdiner #willowpenelope,/watch?v=APW7a87FlbE,0:26,MIND CONTROL GAMING! ğŸ® | Johnny test Full Episode Compilation for Kids | WildBrain Max,/watch?v=kXYHE1YdjBU,3:53:59
141,Only Olympic gold medalists can throw things!ğŸ¥‡ğŸ¥‡,/watch?v=9-5pcb28GX4,0:18,Can Metal Heal Itself? ğŸ”© | PODCAST FOR KIDS ğŸ§ | Wow in the World FULL EPISODE,/watch?v=W8kuYEhvSw0,24:11,Can Metal Heal Itself? ğŸ”© | PODCAST FOR KIDS ğŸ§ | Wow in the World FULL EPISODE,/watch?v=W8kuYEhvSw0,24:11
142,Hedge Helping Her Friends ğŸ’œ Day Of The Girl |Toad & Friends Official,/watch?v=Jvbj33GHVQk,3:01,Together We Can | Learn How to Participate in Your Community | PBS KIDS,/watch?v=1khIyVM_vq4,3:05,Why Do Cats Purr? - Tumble Science Podcast for Kids,/watch?v=eKF3RujQglM,19:34
143,"Celebrate Deepavali, also known as Diwali, with Nikhil & Jay | CBeebies",/watch?v=ahU9k8iJnk4,1:58,Welcome to Monster Fest | Monster Highâ„¢,/watch?v=_dwf8mKoSW0&list=PLIsR9TmiBZZ9XG2sIkSqbTXeFknFZX7h7,8 videos,Welcome to Monster Fest | Monster Highâ„¢,/watch?v=_dwf8mKoSW0&list=PLIsR9TmiBZZ9XG2sIkSqbTXeFknFZX7h7,8 videos
144,Starfire's Wedding! ğŸ’’ | Teen Titans Go! #shorts @dckids,/watch?v=nGyIgmkLfgA,0:39,Best of NEW SpongeBob Episodes! (Part 4) | 3 Hour Compilation | SpongeBob,/watch?v=VPIkRV9zNnk,3:04:54,Every Time SpongeBob's House WASN'T A Pineapple ğŸ | Nicktoons,/watch?v=hzond0fF4MM,34:25
145,The Amazing World of Gumball: Food Episodes Compilation #1 | Cartoon Network Asia,/watch?v=XxFvpUhmRak,15:12,SpongeBob's CLASSIC EPISODE Marathon | 240 Minute Compilation | @SpongeBobOfficial,/watch?v=8B8jplhrlso,3:50:43,Who is the best at gymnastics? Brothers and Sister Challenge!,/watch?v=BuvyOhCjeIo,26:33
146,"You got it, dude #shorts",/watch?v=QgN0nOBnX6w,0:15,CAMPING (GONE RIGHT)! â›ºï¸ ğŸ˜† ğŸ’´ | MR BEAN | WildBrain Kids,/watch?v=X68F1s5Ltog,9:04:06,Being Awesome! Ninja Kidz Music Video,/watch?v=DOMPU26i7Xw,5:57
147,Good Morning Song | An Original Song by Gracieâ€™s Corner | Kids Songs + Nursery Rhymes,/watch?v=dduOP1D4Vxg,3:34,"When in doubt, always ask â€œWhat would Sharpay do?â€ ğŸ’• #HighSchoolMusical #DisneyChannel",/watch?v=NVCPOOYew5c,0:43,Good Morning Song | An Original Song by Gracieâ€™s Corner | Kids Songs + Nursery Rhymes,/watch?v=dduOP1D4Vxg,3:34
148,SpongeBob's CLASSIC EPISODE Marathon | 240 Minute Compilation | @SpongeBobOfficial,/watch?v=8B8jplhrlso,3:50:43,The UNFAIR GAME! | Mr Bean | Cartoons for Kids | WildBrain Kids,/watch?v=7g-i-k3BYmQ,3:59:37,Starfire's Wedding! ğŸ’’ | Teen Titans Go! #shorts @dckids,/watch?v=nGyIgmkLfgA,0:39
149,Kid Titans | Teen Titans Go! | Cartoon Network,/watch?v=NynXp6uWY7c,1:48,Colors Of Raven | Teen Titans GO! | Episode 25,/watch?v=GoCb-OTOMzo,1:26,Fixing the Titans | Teen Titans Go! | Cartoon Network,/watch?v=h6zIkE6zwuI,1:59
150,Every Time SpongeBob's House WASN'T A Pineapple ğŸ | Nicktoons,/watch?v=hzond0fF4MM,34:25,Starfire's Wedding! ğŸ’’ | Teen Titans Go! #shorts @dckids,/watch?v=nGyIgmkLfgA,0:39,Electro's Gotta Glow / Black Cat Chaos | Spidey and His Amazing Friends | @disneyjr @MarvelHQ,/watch?v=I5e8kKp5zKU,24:08
151,Robin's Secret Bunker | Teen Titans Go! | @cartoonnetworkuk,/watch?v=gpzw3l4wGik,4:25,"Heeler Family Time ğŸ’™ ğŸ§¡ | Full Episodes | Baby Race, Asparagus, and More! | Bluey ğŸ’™",/watch?v=xzz6dwKtbqI,26:00,SpongeBob's CLASSIC EPISODE Marathon | 240 Minute Compilation | @SpongeBobOfficial,/watch?v=8B8jplhrlso,3:50:43
152,55 MINUTES of Classic SpongeBob Moments! ğŸ§½ | SpongeBob,/watch?v=b2yWMOQfTL4,55:35,ğŸ˜± WATCH OUT! Giant toads are scary FUN!,/watch?v=x3tspIvGQcE,0:40,"You got it, dude #shorts",/watch?v=QgN0nOBnX6w,0:15
153,Teen Titans Go! | Titans Brush Your Teeth | Cartoon Network UK ğŸ‡¬ğŸ‡§,/watch?v=t6nFbceOsmU,2:17,jade in a horror movie ğŸ˜ˆ | Victorious #shorts,/watch?v=Z5Pd2_ybMVI,0:47,Kid Titans | Teen Titans Go! | Cartoon Network,/watch?v=NynXp6uWY7c,1:48
154,Teen Titans Go ğŸ‘Š | Titans Craziest Chaos! ğŸ¤¯| Compilation | Cartoon for Kids ğŸ¤©| @cnindia,/watch?v=GHIDGKhXXXI,39:49,Kid Titans | Teen Titans Go! | Cartoon Network,/watch?v=NynXp6uWY7c,1:48,240 MINUTES of SpongeBobâ€™s Funniest Scenes ğŸ˜‚ | @SpongeBobOfficial,/watch?v=5puziyf8nSo,4:42:48
155,Fixing the Titans | Teen Titans Go! | Cartoon Network,/watch?v=h6zIkE6zwuI,1:59,Who is the best at gymnastics? Brothers and Sister Challenge!,/watch?v=BuvyOhCjeIo,26:33,The Amazing World of Gumball: Food Episodes Compilation #1 | Cartoon Network Asia,/watch?v=XxFvpUhmRak,15:12
156,Paxton and Payton Twin Smash!! Super Team Up!,/watch?v=3LdE3y9ehVk,10:13,Tom & Jerry ğŸ˜ºğŸ­| Catch the Hour-Long Cat and Mouse Game ğŸ˜†| Funny Compilation ğŸ¤©| Cartoon Network âœ¨,/watch?v=rLbY-xZQUyw,58:34,Ice Cream | Funny Episodes | Mr Bean Cartoon World,/watch?v=HOYpAgWPTps,40:52
157,Electro's Gotta Glow / Black Cat Chaos | Spidey and His Amazing Friends | @disneyjr @MarvelHQ,/watch?v=I5e8kKp5zKU,24:08,ğŸ•¯ï¸ Garfieldâ€™s Halloween Adventure ï¸ğŸƒ Garfield & Friends ğŸ‘»,/watch?v=X3FJePrGZb8,24:10,ğŸ¹ Hamster Escapes the Pool,/watch?v=M0TPoOP6qAc,8:50
158,Meet Disgust - Inside Out,/watch?v=7yKL4XdvoFs,0:18,The Genius Young Bean | Video for kids | WildBrain Bananas,/watch?v=dl1W8e9hDMg,7:50:33,Electro's Gotta Glow | S2 E1 Part 1 | Full Episode | Spidey and his Amazing Friends | @disneyjunior,/watch?v=QKPYe5vtFF4,12:48
159,cutting the cheese has a whole new meaning,/watch?v=8DetwO_K7uQ,0:16,Bingo Sand Art ğŸ§¡ğŸï¸ | Bluey  #ytshorts,/watch?v=WBPnyq6Gwy4,0:23,FKJ  |  Ylang Ylang EP (Live Session),/watch?v=pfU0QORkRpY,19:11
160,Electro's Gotta Glow | S2 E1 Part 1 | Full Episode | Spidey and his Amazing Friends | @disneyjunior,/watch?v=QKPYe5vtFF4,12:48,"Cozy Fall Coffee Shop Ambience: Relaxing Jazz Music & Rain Sounds for Studying, Relaxation, & Sleep",/watch?v=VMAPTo7RVCo,8:03:01,Meet Anger - Inside Out,/watch?v=6x4lp2X214Y,0:20
161,Colors Of Raven | Teen Titans GO! | Episode 25,/watch?v=GoCb-OTOMzo,1:26,Totally Random Adventure Time Moments | Adventure Time Mega Marathon | Cartoon Network,/watch?v=oswxlGhMOaQ,3:27:22,PAW Patrol Mighty Pups to the Rescue! w/ Skye & Liberty | 90 Minute Compilation | Shimmer and Shine,/watch?v=XOTfj0_KLB0,1:31:22
162,Girls vs Boys! Super Ninja Challenge!,/watch?v=qyKEC_F45jg,16:26,Only Olympic gold medalists can throw things!ğŸ¥‡ğŸ¥‡,/watch?v=9-5pcb28GX4,0:18,Pirate Plunder / Bad Bot ğŸ´â€â˜ ï¸ğŸ¤– | Full Episode | Spidey and His Amazing Friends | @disneyjunior,/watch?v=PLwNMXJpYQo,24:08
163,Gravity Falls Full Episode | S1 E12 | Summerween | @disneyxd,/watch?v=-SNEwiG98SM,22:33,ğŸ˜± WATCH OUT! Giant toad prank scares cameraman dad,/watch?v=SPjvP1ypJyU,0:14,Colors Of Raven | Teen Titans GO! | Episode 25,/watch?v=GoCb-OTOMzo,1:26
164,Let Your Confidence Shine! ğŸŒŸ | Rainbow High,/watch?v=bytzSGJnXWs,24:02,Which bugs might be living in your home?,/watch?v=_QBZzBcpWAA,1:00,Tom & Jerry ğŸ˜ºğŸ­| Catch the Hour-Long Cat and Mouse Game ğŸ˜†| Funny Compilation ğŸ¤©| Cartoon Network âœ¨,/watch?v=rLbY-xZQUyw,58:34
165,FKJ  |  Ylang Ylang EP (Live Session),/watch?v=pfU0QORkRpY,19:11,Ninja Kidz Epic MOVIE!,/watch?v=XtNE_Btewp4,45:40,Hamster Escapes from the Prison Maze for Pets in real life ğŸ¹ in Hamster stories Part 4,/watch?v=1R5u3xQUUqI,8:05
166,Hamster Escapes The Awesome Minecraft Maze With Obstacle Course,/watch?v=Z_LSp0j-bhw,8:17,Barney's World Theme Song | Barney's World | NEW Music Video!,/watch?v=xPToJ7P26U4,1:04,Shattered | Full Episode | Sonic Prime | Netflix After School,/watch?v=uCSOjGOQOAc,41:37
167,WORLD RECORD Kapla Tower Collapse (*BREATHTAKING*),/watch?v=7xNWOtXDMAI,4:38,Tall Tale in India ğŸª· | Ollie and Moon English | Full Episode | Season 1 | Cartoons for kids,/watch?v=im6XAiw9zao,11:30,Let Your Confidence Shine! ğŸŒŸ | Rainbow High,/watch?v=bytzSGJnXWs,24:02
168,I Adopted EVERY Dog In A Dog Shelter,/watch?v=YQDDm9HLkV4,16:04,"""Head, Shoulders, Knees & Toes"" by Ofenbach x Quarterhead | TROLLS MUSIC VIDEO | Fun Fair Surprise",/watch?v=KxHL-5VbWhQ,2:42,Avoid the Void ğŸŒ€ FULL EPISODE | Sonic Prime | Netflix After School,/watch?v=Ym3OWqSavVE,21:42
169,Teddy's Tale - Bitesize!,/watch?v=VFokE4TiEiQ,3:27,The Avengers Stop The Frightful Four | LEGO Marvel Avengers: Mission Demolition,/watch?v=TL4tYso1ogQ,2:12,WORLD RECORD Kapla Tower Collapse (*BREATHTAKING*),/watch?v=7xNWOtXDMAI,4:38
170,MIND CONTROL GAMING! ğŸ® | Johnny test Full Episode Compilation for Kids | WildBrain Max,/watch?v=kXYHE1YdjBU,3:53:59,Finn: â€œI Am Steveâ€ â›ï¸ğŸ˜ | Adventure Time | @cartoonnetworkuk  #shorts #minecraft #minecraftshorts,/watch?v=vsv9gPt4z2s,0:40,"Dove Cameron, Cheyenne Jackson - Do What You Gotta Do (From ""Descendants 3"")",/watch?v=PrL_b__CHrw,3:02
171,"NEW Girl Of The Year ANTHEM (Music Video) feat. Lila, Kavi, Corinne, Kira, & Joss! | American Girl",/watch?v=QZjAMsqVnqI,2:20,Maggie's Magic Vegetable Garden Stories | Shane the Chef Triple Bill | Shane the Chef Official,/watch?v=miy9pPUJaJU,29:01,Teddy's Tale - Bitesize!,/watch?v=VFokE4TiEiQ,3:27
172,HOW DO EARTHQUAKES HAPPEN? + More Science Experiments | SCIENCE MAX,/watch?v=BJHgcMucz1k,18:45,Friendship and Family in Moominvalley | Moominvalley compilation,/watch?v=Q-YiDScLh0c,29:02,The Barbie Podcast ğŸ™ï¸ Ep 4: Flipping the Script with Ali Stroker!,/watch?v=5z-1ksWIoP4,13:57
173,American Ninja Warrior Junior Qualifier EP 5 FULL OPENING CLIP | Universal Kids,/watch?v=TX39VbdY1PA,7:14,"Milly, Molly | Season 1, Episode 9 | Go Camping",/watch?v=QjfMwrCAxV8,12:46,HOW DO EARTHQUAKES HAPPEN? + More Science Experiments | SCIENCE MAX,/watch?v=BJHgcMucz1k,18:45
174,The Barbie Podcast ğŸ™ï¸ Ep 4: Flipping the Script with Ali Stroker!,/watch?v=5z-1ksWIoP4,13:57,Hamster Escapes The Awesome Minecraft Maze With Obstacle Course,/watch?v=Z_LSp0j-bhw,8:17,Scare-adise Island Beach Vacation ft. Draculaura & Clawdeen (Official Music Video) | Monster High,/watch?v=_dwf8mKoSW0,2:16
175,Scare-adise Island Beach Vacation ft. Draculaura & Clawdeen (Official Music Video) | Monster High,/watch?v=_dwf8mKoSW0,2:16,Together We Can | Learn How to Participate in Your Community | PBS KIDS,/watch?v=1khIyVM_vq4,3:05,Can Metal Heal Itself? ğŸ”© | PODCAST FOR KIDS ğŸ§ | Wow in the World FULL EPISODE,/watch?v=W8kuYEhvSw0,24:11
176,Lonely Marmoset Finds Fun with Mongoose Friends | Love Nature Kids,/watch?v=lo5lWGb5aWc,8:01,The Barbie Podcast ğŸ™ï¸ Ep 4: Flipping the Script with Ali Stroker!,/watch?v=5z-1ksWIoP4,13:57,MIND CONTROL GAMING! ğŸ® | Johnny test Full Episode Compilation for Kids | WildBrain Max,/watch?v=kXYHE1YdjBU,3:53:59
177,Can Metal Heal Itself? ğŸ”© | PODCAST FOR KIDS ğŸ§ | Wow in the World FULL EPISODE,/watch?v=W8kuYEhvSw0,24:11,Can Metal Heal Itself? ğŸ”© | PODCAST FOR KIDS ğŸ§ | Wow in the World FULL EPISODE,/watch?v=W8kuYEhvSw0,24:11,Lonely Marmoset Finds Fun with Mongoose Friends | Love Nature Kids,/watch?v=lo5lWGb5aWc,8:01
178,Why Do Cats Purr? - Tumble Science Podcast for Kids,/watch?v=eKF3RujQglM,19:34,Shattered | Full Episode | Sonic Prime | Netflix After School,/watch?v=uCSOjGOQOAc,41:37,Why Do Cats Purr? - Tumble Science Podcast for Kids,/watch?v=eKF3RujQglM,19:34
179,Welcome to Monster Fest | Monster Highâ„¢,/watch?v=_dwf8mKoSW0&list=PLIsR9TmiBZZ9XG2sIkSqbTXeFknFZX7h7,8 videos,Welcome to Monster Fest | Monster Highâ„¢,/watch?v=_dwf8mKoSW0&list=PLIsR9TmiBZZ9XG2sIkSqbTXeFknFZX7h7,8 videos,Welcome to Monster Fest | Monster Highâ„¢,/watch?v=_dwf8mKoSW0&list=PLIsR9TmiBZZ9XG2sIkSqbTXeFknFZX7h7,8 videos
180,"Ms Rachel & Elmo Get Ready For School - ABC Song, Numbers, Colors - Toddler & Preschool Learning",/watch?v=nnqsEUxgSBQ,1:00:34,Ù„Ø§ ØªØ³Ù‚Ø·! | Talking Tom Ø§Ù„Ù‚ØµÙŠØ±Ø© | WildBrain Ø£Ø·ÙØ§Ù„,/watch?v=lJM-EBJu-P8,55:04,Starfire's Wedding! ğŸ’’ | Teen Titans Go! #shorts @dckids,/watch?v=nGyIgmkLfgA,0:39
181,Baby Peppa Pig and Baby Suzy Sheep's Fun Time | Peppa Pig Official Family Kids Cartoon,/watch?v=OVa1EWCI_lg,1:04:14,Best of NEW SpongeBob Episodes! (Part 4) | 3 Hour Compilation | SpongeBob,/watch?v=VPIkRV9zNnk,3:04:54,Ninja Kidz Epic MOVIE!,/watch?v=XtNE_Btewp4,45:40
182,PAW Patrol Halloween Best Spooky Rescue Episodes - PAW Patrol Cartoons for Kids Compilation,/watch?v=isFrBq5ni6Q,36:34,"Bluey Seasons 1, 2, and 3 FULL EPISODES ğŸ’™ | Unicorse, Faceytalk, Pass the Parcel, and More! | Bluey",/watch?v=AMppfY8aF6M,1:49:20,Paxton and Payton Twin Smash!! Super Team Up!,/watch?v=3LdE3y9ehVk,10:13
183,"One Potato, Two Potatoes | Cocomelon | Learning Videos For Kids | Education Show For Toddlers",/watch?v=extcXqu8Ki4,30:05,7 MINUTE COMPILATION | PART 1 | BRAND NEW MORPH,/watch?v=xaDz6ZXSvo8,6:37,Hamster Escapes from the Prison Maze for Pets in real life ğŸ¹ in Hamster stories Part 4,/watch?v=1R5u3xQUUqI,8:05
184,7 MINUTE COMPILATION | PART 1 | BRAND NEW MORPH,/watch?v=xaDz6ZXSvo8,6:37,"PAW Patrol Rubble's Funniest & Silliest Rescues! w/ Chase, Marshall & Skye | 1 Hour | Rubble & Crew",/watch?v=BluFyAMMlOU,59:14,ğŸ¹ Hamster Escapes the Pool,/watch?v=M0TPoOP6qAc,8:50
185,Bluey Series 2 Highlights ğŸ¤© ğŸ’™ | Best of Bluey Season 2 | Bluey,/watch?v=dAdUIH87d5E,22:40,ğŸ”´LIVE: Best Road Trips and Car Moments | Best of Bobo | 1 HOUR | Bluey,/watch?v=3vmUyWXp0xg,55:46,PAW Patrol Mighty Pups to the Rescue! w/ Skye & Liberty | 90 Minute Compilation | Shimmer and Shine,/watch?v=XOTfj0_KLB0,1:31:22
186,ğŸ”´ The Boo Boo Moments - Peppa Pig Special | Peppa Pig Official Family Kids Cartoon,/watch?v=vLP95DwlD9E,2:02:03,ğŸ”´LIVE: Bingo's Funniest Moments ğŸ˜† ğŸ§¡ | Fun Adventures with Bluey and Bingo | Bingo,/watch?v=O6NN-9KjNow,1:19:39,Good Morning Song | An Original Song by Gracieâ€™s Corner | Kids Songs + Nursery Rhymes,/watch?v=dduOP1D4Vxg,3:34
187,Masha and the Bear â€“ Once in a year ğŸ‚ğŸ (Episode 44),/watch?v=ozx4Orjvu0I,6:42,Starfire's Wedding! ğŸ’’ | Teen Titans Go! #shorts @dckids,/watch?v=nGyIgmkLfgA,0:39,60 Minutes of TRICKS ğŸƒ | SpongeBob,/watch?v=4XsyMCJCPvE,1:01:02
188,PAW Patrol Marshall's BEST Lookout Tower Rescues! w/ Chase & Skye | 30 Minute Compilation | Nick Jr.,/watch?v=SD949Tgu1Co,30:10,Gasp! | A Mickey Mouse Cartoon | Disney Shows,/watch?v=8k1axb8PPqQ,3:51,Meet Anger - Inside Out,/watch?v=6x4lp2X214Y,0:20
189,ğŸ”´ LIVE: Unwind with the Heelers ğŸ’™ | Wholesome Family Moments with Bluey | Bluey,/watch?v=mm3AbWA13P4,2:15:28,"Cozy Fall Coffee Shop Ambience: Relaxing Jazz Music & Rain Sounds for Studying, Relaxation, & Sleep",/watch?v=VMAPTo7RVCo,8:03:01,"You got it, dude #shorts",/watch?v=QgN0nOBnX6w,0:15
190,Tom Thomas' Water Overload: Watch Him Almost Burst! | The Fixies | Animation for Kids,/watch?v=kxm7ZB7crHs,4:31:37,Barney's World Theme Song | Barney's World | NEW Music Video!,/watch?v=xPToJ7P26U4,1:04,Coming soon! It's BABY CITY GREENS ğŸ¼ #Shorts #bigcitygreens | Link: https://youtu.be/-gdqLogzdgc,/watch?v=YNX2De0QTSs,0:35
191,ğŸ”´LIVE: Best of Family and Friends ğŸ§¡ âœ¨ | Unwind with Bingo and Bluey Moments | Bingo,/watch?v=DL1GkVNmu1o,2:13:36,Bingo at the Movies ğŸ¿ ğŸ§¡ | Bluey Full Episode | Bingo - Official Channel,/watch?v=lbRg3Uo_HnI,7:01,Spicy Food Fire Breath | Teen Titans Go! | Watch more on Cartoon Network #Shorts,/watch?v=mslNQske1_k,0:27
192,Pingu As A Chef - Pingu Official Channel,/watch?v=Sct5j7Quo54,2:42,Colors Of Raven | Teen Titans GO! | Episode 25,/watch?v=GoCb-OTOMzo,1:26,The Amazing World of Gumball: Food Episodes Compilation #1 | Cartoon Network Asia,/watch?v=XxFvpUhmRak,15:12
193,Sesame Street: This is the Way We Go to School Song with Ms. Rachel and Elmo,/watch?v=8m_5axjXLVM,2:11,Who is the best at gymnastics? Brothers and Sister Challenge!,/watch?v=BuvyOhCjeIo,26:33,Oggy and the Cockroaches - THE PRANKSTER (S05E74) CARTOON | New Episodes in HD,/watch?v=9MVV8CXi-CE,21:22
194,Peppa Pig Visits The Bouncy Maze | Peppa Pig Asia ğŸ½ Peppa Pig Full Episodes,/watch?v=8AiVCbFp2Q8,21:05,Kayson Smash!! Mystery of the Missing Ninja Toys!,/watch?v=weh9MMmL9No,12:51,Colors Of Raven | Teen Titans GO! | Episode 25,/watch?v=GoCb-OTOMzo,1:26
195,Blippi Visits a Playground | @Blippi | Moonbug Literacy,/watch?v=V8GAMTrSeaU,12:27,Pingu As A Chef - Pingu Official Channel,/watch?v=Sct5j7Quo54,2:42,SpongeBob's CLASSIC EPISODE Marathon | 240 Minute Compilation | @SpongeBobOfficial,/watch?v=8B8jplhrlso,3:50:43
196,The Floor Is Grape Jelly | Barney's World | FULL EPISODE | Cartoons For Kids,/watch?v=H9c3_GiizqI,11:26,"Monica Toy | Imitoys - If you can't imitate, just stay home! #MonicaToy #shorts",/watch?v=ufvttxs9vEo,0:30,Teddy's Tale - Bitesize!,/watch?v=VFokE4TiEiQ,3:27
197,Blippi Visits an Indoor Playground | Learning Videos For Kids | Education Show For Toddlers,/watch?v=v2id3D31u0o,14:50,Good Morning Song | An Original Song by Gracieâ€™s Corner | Kids Songs + Nursery Rhymes,/watch?v=dduOP1D4Vxg,3:34,Breakfast in Bed ğŸŒ¼ Mother's Day Special â¤ï¸ Oddbods Full Episode | Funny Cartoons for Kids,/watch?v=_pfnKswqicg,1:11:52
198,Bingo at the Movies ğŸ¿ ğŸ§¡ | Bluey Full Episode | Bingo - Official Channel,/watch?v=lbRg3Uo_HnI,7:01,Tom Thomas Has A Black Eye! | The Fixies | WildBrain Fizz,/watch?v=VPy6xAQTu2Y,8:06:28,Ice Cream | Funny Episodes | Mr Bean Cartoon World,/watch?v=HOYpAgWPTps,40:52
199,Sesame Street: 2 HOURS Elmo's World: Back to School!,/watch?v=Hs0fNvQ0qaQ,1:55:47,Kid Titans | Teen Titans Go! | Cartoon Network,/watch?v=NynXp6uWY7c,1:48,kindergarteners GO crazy ğŸ¤ª Leo is now streaming on Netflix!,/watch?v=VeAeLcf8bHo,0:44
200,Peppa Pig English Episodes | Peppa Pig's Muddle Puddle Jump,/watch?v=RSvNQMixhJk,1:04:00,MAGIC FRUITS! ğŸ âœ¨ğŸ˜© | TALKING TOM SHORTS | WildBrain Kids,/watch?v=UvwuTVq0kd0,8:00:38,What If SpongeBob DIDNâ€™T Live In A Pineapple? ğŸ | Nicktoons,/watch?v=sNExxe1abaE,0:37
201,Halloween Episodes | Full Episodes | Clifford's Puppy Days,/watch?v=INbJ7CIWCp0,58:09,ğŸ˜± WATCH OUT! Giant toads are scary FUN!,/watch?v=x3tspIvGQcE,0:40,10 Minute Barbie Movie Preview | Barbie & Stacie To The Rescue! | Netflix,/watch?v=dylYhILDEGg,9:54
202,Mickey Mouse Clubhouse Full Episode | Donald and the Beanstalk | S1 E6 | @disneyjr,/watch?v=Jn47SKmsMU4,24:01,Tall Tale in India ğŸª· | Ollie and Moon English | Full Episode | Season 1 | Cartoons for kids,/watch?v=im6XAiw9zao,11:30,Teen Titans Go ğŸ‘Š | Titans Craziest Chaos! ğŸ¤¯| Compilation | Cartoon for Kids ğŸ¤©| @cnindia,/watch?v=GHIDGKhXXXI,39:49
203,Ù„Ø§ ØªØ³Ù‚Ø·! | Talking Tom Ø§Ù„Ù‚ØµÙŠØ±Ø© | WildBrain Ø£Ø·ÙØ§Ù„,/watch?v=lJM-EBJu-P8,55:04,Hamster Escapes The Awesome Minecraft Maze With Obstacle Course,/watch?v=Z_LSp0j-bhw,8:17,The Avengers Stop The Frightful Four | LEGO Marvel Avengers: Mission Demolition,/watch?v=TL4tYso1ogQ,2:12
204,PAW Patrol Baby Animals Rescues & Adventures! w/ Marshall #3 ğŸ± 2 Hours | Nick Jr.,/watch?v=fO7yMxbCJyE,2:01:48,The Avengers Stop The Frightful Four | LEGO Marvel Avengers: Mission Demolition,/watch?v=TL4tYso1ogQ,2:12,Shattered | Full Episode | Sonic Prime | Netflix After School,/watch?v=uCSOjGOQOAc,41:37
205,Barneyâ€™s World Theme Song | Barney's World | NEW Animated Music Video!,/watch?v=e0-ZjHTx39U,1:48,"Milly, Molly | Season 1, Episode 9 | Go Camping",/watch?v=QjfMwrCAxV8,12:46,Itty Bitty Puppies and Kittens Need Homes! | Dodo Kids | Rescued!,/watch?v=N9k4wUsu9j4,9:04
206,Blippi Learns About Diwali! | Blippi Wonders Educational Videos for Kids,/watch?v=7yL7ORtvxxE,3:46,Shattered | Full Episode | Sonic Prime | Netflix After School,/watch?v=uCSOjGOQOAc,41:37,"Dove Cameron, Cheyenne Jackson - Do What You Gotta Do (From ""Descendants 3"")",/watch?v=PrL_b__CHrw,3:02
207,Barney's World Theme Song | Barney's World | NEW Music Video!,/watch?v=xPToJ7P26U4,1:04,Maggie's Magic Vegetable Garden Stories | Shane the Chef Triple Bill | Shane the Chef Official,/watch?v=miy9pPUJaJU,29:01,FKJ  |  Ylang Ylang EP (Live Session),/watch?v=pfU0QORkRpY,19:11
208,"Baby Learning with Ms Rachel - Baby Songs, Speech, Sign Language for Babies - Baby Videos",/watch?v=zmEv7vTOQGE,1:00:02,I Adopted EVERY Dog In A Dog Shelter,/watch?v=YQDDm9HLkV4,16:04,Water Bottle Flip 2 | Dude Perfect,/watch?v=VJwoSfTOhyM,4:58
209,Bedtime Stories | 50+ Minutes | Yakka Dee!,/watch?v=v9k48x8n3XM,54:19,Friendship and Family in Moominvalley | Moominvalley compilation,/watch?v=Q-YiDScLh0c,29:02,The Barbie Podcast ğŸ™ï¸ Ep 4: Flipping the Script with Ali Stroker!,/watch?v=5z-1ksWIoP4,13:57
210,Topsy & Tim 202 Full Episode - New Pet  | Shows for Kids | HD,/watch?v=LWscbX8X40M,11:15,Only Olympic gold medalists can throw things!ğŸ¥‡ğŸ¥‡,/watch?v=9-5pcb28GX4,0:18,I Got Famous In The Smelliest Way Possible | SCRAPBOOK MY LIFE,/watch?v=wnZSaQXR4Nw,4:20
211,Good Night Forest ğŸ¦‡ğŸ¦¨ Full episode | Bubu and the Little Owls,/watch?v=aztlO00RUuY,11:01,Which bugs might be living in your home?,/watch?v=_QBZzBcpWAA,1:00,HOW DO EARTHQUAKES HAPPEN? + More Science Experiments | SCIENCE MAX,/watch?v=BJHgcMucz1k,18:45
212,"Celebrate Deepavali, also known as Diwali, with Nikhil & Jay | CBeebies",/watch?v=ahU9k8iJnk4,1:58,The Barbie Podcast ğŸ™ï¸ Ep 4: Flipping the Script with Ali Stroker!,/watch?v=5z-1ksWIoP4,13:57,MIND CONTROL GAMING! ğŸ® | Johnny test Full Episode Compilation for Kids | WildBrain Max,/watch?v=kXYHE1YdjBU,3:53:59
213,"Cozy Fall Coffee Shop Ambience: Relaxing Jazz Music & Rain Sounds for Studying, Relaxation, & Sleep",/watch?v=VMAPTo7RVCo,8:03:01,Can Metal Heal Itself? ğŸ”© | PODCAST FOR KIDS ğŸ§ | Wow in the World FULL EPISODE,/watch?v=W8kuYEhvSw0,24:11,Can Metal Heal Itself? ğŸ”© | PODCAST FOR KIDS ğŸ§ | Wow in the World FULL EPISODE,/watch?v=W8kuYEhvSw0,24:11
214,Hedge Helping Her Friends ğŸ’œ Day Of The Girl |Toad & Friends Official,/watch?v=Jvbj33GHVQk,3:01,Together We Can | Learn How to Participate in Your Community | PBS KIDS,/watch?v=1khIyVM_vq4,3:05,Why Do Cats Purr? - Tumble Science Podcast for Kids,/watch?v=eKF3RujQglM,19:34
215,Barney's World - All New Series ğŸ’œ âœ¨| Streaming Now,/watch?v=H9c3_GiizqI&list=PLKCNCfD_4af_en9SIab6OEkzp9l-H7UpP,9 videos,Welcome to Monster Fest | Monster Highâ„¢,/watch?v=_dwf8mKoSW0&list=PLIsR9TmiBZZ9XG2sIkSqbTXeFknFZX7h7,8 videos,Welcome to Monster Fest | Monster Highâ„¢,/watch?v=_dwf8mKoSW0&list=PLIsR9TmiBZZ9XG2sIkSqbTXeFknFZX7h7,8 videos
216,Peppa Pig English Episodes | Peppa Pig's perfect Day at the Playground,/watch?v=XV3PnI5jf18,2:03:45,"Bluey FULL Episodes Seasons 1 - 3 ğŸ’™ | Featuring Dad Baby, Faceytalk and more! | 2 HOURS | Bluey",/watch?v=aP-qKaig84M,1:55:39,SpongeBob's CLASSIC EPISODE Marathon | 240 Minute Compilation | @SpongeBobOfficial,/watch?v=8B8jplhrlso,3:50:43
217,Peppa Pig's Boo Boo Moments,/watch?v=CC3tNJh8WUA,2:00:27,"Heeler Family Time ğŸ’™ ğŸ§¡ | Full Episodes | Baby Race, Asparagus, and More! | Bluey ğŸ’™",/watch?v=xzz6dwKtbqI,26:00,Best of NEW SpongeBob Episodes! (Part 4) | 3 Hour Compilation | SpongeBob,/watch?v=VPIkRV9zNnk,3:04:54
218,Peppa Pig Tales ğŸŸ¨ Building A Bridge In Tiny Land ğŸŸ© Peppa Pig Episodes,/watch?v=-Y7IJO7ssyY,2:02:11,Best of NEW SpongeBob Episodes! (Part 4) | 3 Hour Compilation | SpongeBob,/watch?v=VPIkRV9zNnk,3:04:54,Starfire's Wedding! ğŸ’’ | Teen Titans Go! #shorts @dckids,/watch?v=nGyIgmkLfgA,0:39
219,Peppa Pig Visits The Bouncy Maze | Peppa Pig Asia ğŸ½ Peppa Pig Full Episodes,/watch?v=8AiVCbFp2Q8,21:05,7 MINUTE COMPILATION | PART 1 | BRAND NEW MORPH,/watch?v=xaDz6ZXSvo8,6:37,The Amazing World of Gumball: Food Episodes Compilation #1 | Cartoon Network Asia,/watch?v=XxFvpUhmRak,15:12
220,"Ms Rachel & Elmo Get Ready For School - ABC Song, Numbers, Colors - Toddler & Preschool Learning",/watch?v=nnqsEUxgSBQ,1:00:34,Bingo at the Movies ğŸ¿ ğŸ§¡ | Bluey Full Episode | Bingo - Official Channel,/watch?v=lbRg3Uo_HnI,7:01,Every Time SpongeBob's House WASN'T A Pineapple ğŸ | Nicktoons,/watch?v=hzond0fF4MM,34:25
221,Masha and the Bear 2022 ğŸ¬ NEW EPISODE! ğŸ¬ Best cartoon collection ğŸŒ±ğŸŒ¾ How to Train Your Plant,/watch?v=ZarMVS7MQSk,1:06:38,Starfire's Wedding! ğŸ’’ | Teen Titans Go! #shorts @dckids,/watch?v=nGyIgmkLfgA,0:39,Power Rangers Ninja Z Movie 2 Remastered!,/watch?v=Mox6yaKqqX8,42:08
222,"Bluey FULL Episodes Seasons 1 - 3 ğŸ’™ | Featuring Dad Baby, Faceytalk and more! | 2 HOURS | Bluey",/watch?v=aP-qKaig84M,1:55:39,Gasp! | A Mickey Mouse Cartoon | Disney Shows,/watch?v=8k1axb8PPqQ,3:51,Mr Bean's Car Wash ğŸš—ğŸ§¼ | Mr Bean Animated Cartoons | Season 2 | Full Episodes | Cartoons for Kids,/watch?v=Tm91mtdlkEc,55:02
223,"Cozy Fall Coffee Shop Ambience: Relaxing Jazz Music & Rain Sounds for Studying, Relaxation, & Sleep",/watch?v=VMAPTo7RVCo,8:03:01,"PAW Patrol Rubble's Funniest & Silliest Rescues! w/ Chase, Marshall & Skye | 1 Hour | Rubble & Crew",/watch?v=BluFyAMMlOU,59:14,Star vs. The Forces of Evil First Full Episode! | S1 E1 | Star Comes to Earth | @disneyxd,/watch?v=ldi4ns4_v6U,22:03
224,"Heeler Family Time ğŸ’™ ğŸ§¡ | Full Episodes | Baby Race, Asparagus, and More! | Bluey ğŸ’™",/watch?v=xzz6dwKtbqI,26:00,Colors Of Raven | Teen Titans GO! | Episode 25,/watch?v=GoCb-OTOMzo,1:26,Colors Of Raven | Teen Titans GO! | Episode 25,/watch?v=GoCb-OTOMzo,1:26
225,"Baby Learning with Ms Rachel - Baby Songs, Speech, Sign Language for Babies - Baby Videos",/watch?v=zmEv7vTOQGE,1:00:02,Kid Titans | Teen Titans Go! | Cartoon Network,/watch?v=NynXp6uWY7c,1:48,Lincoln Loud's Top Secret Schemes! | 60 Minutes of April Foolsâ€™ Pranks | The Loud House | @Nicktoons,/watch?v=7Mmt1L4QYdo,1:00:37
226,ğŸ”´ LIVE STREAM ğŸ¬ Masha and the Bear ğŸ¤— Spending Time Together ğŸ˜ğŸ«‚,/watch?v=S9XdbfjfnTw,10:59:31,ğŸ”´LIVE: Bingo's Funniest Moments ğŸ˜† ğŸ§¡ | Fun Adventures with Bluey and Bingo | Bingo,/watch?v=O6NN-9KjNow,1:19:39,Storytime w/ Ariana Grande on All That â€“ YUH! ğŸ“– | New Episodes Sat. @ 8:30P EST!,/watch?v=lj8dcZPzFGs,6:59
227,7 MINUTE COMPILATION | PART 1 | BRAND NEW MORPH,/watch?v=xaDz6ZXSvo8,6:37,Mickey and Donald Have a Farm ğŸšœ | S4 E1 | Full Episode | Mickey Mouse Clubhouse | @disneyjr,/watch?v=XOnHtStmbCI,30:02,Gravity Falls Full Episode | S1 E12 | Summerween | @disneyxd,/watch?v=-SNEwiG98SM,22:33
228,Sing | Try Not to Sing Challenge | 10 Minutes | Mini Moments,/watch?v=KjqtDep5mT0,9:33,Pingu As A Chef - Pingu Official Channel,/watch?v=Sct5j7Quo54,2:42,FKJ  |  Ylang Ylang EP (Live Session),/watch?v=pfU0QORkRpY,19:11
229,Halloween Costumes with Elmo and Friends | FIVE Full Sesame Street Episodes,/watch?v=uXKtlcOWPqQ,2:07:43,Good Morning Song | An Original Song by Gracieâ€™s Corner | Kids Songs + Nursery Rhymes,/watch?v=dduOP1D4Vxg,3:34,Crazy for Pizza | Teen Titans Go! | Cartoon Network,/watch?v=9W_pWQkADKI,2:21
230,"One Potato, Two Potatoes | Cocomelon | Learning Videos For Kids | Education Show For Toddlers",/watch?v=extcXqu8Ki4,30:05,XXL Bear | Grizzy & the lemmings | Compilation | ğŸ»ğŸ¹ Cartoon for Kids,/watch?v=FHz39oUoTGw,58:35,Best of Gumball's Unhinged Adventures | Amazing World of Gumball | Cartoon Network Africa,/watch?v=Y1jB8vOkJ04,24:45
231,The Floor Is Grape Jelly | Barney's World | FULL EPISODE | Cartoons For Kids,/watch?v=H9c3_GiizqI,11:26,SpongeBob's CLASSIC EPISODE Marathon | 240 Minute Compilation | @SpongeBobOfficial,/watch?v=8B8jplhrlso,3:50:43,Ice Cream | Funny Episodes | Mr Bean Cartoon World,/watch?v=HOYpAgWPTps,40:52
232,Pingu As A Chef - Pingu Official Channel,/watch?v=Sct5j7Quo54,2:42,Barney's World Theme Song | Barney's World | NEW Music Video!,/watch?v=xPToJ7P26U4,1:04,Mr Bean In The Snow & Cold | Mr Bean Cartoon World,/watch?v=AsakezBU3SQ,44:34
233,ğŸ”´LIVE: Best of Family and Friends ğŸ§¡ âœ¨ | Unwind with Bingo and Bluey Moments | Bingo,/watch?v=DL1GkVNmu1o,2:13:36,Paxton and Payton Twin Smash!! Super Team Up!,/watch?v=3LdE3y9ehVk,10:13,She's always been the queen of Halloween #StuckintheMiddle #DisneyChannel,/watch?v=fgU-eax2BHk,0:26
234,PAW Patrol Baby Animals Rescues & Adventures! w/ Marshall #3 ğŸ± 2 Hours | Nick Jr.,/watch?v=fO7yMxbCJyE,2:01:48,"Bluey Full Episodes! | Keepy Uppy, Sleepytime, Bus and MORE! | 2 HOUR Compilation | @disneyjr",/watch?v=YRPnbCfawmk,2:11:48,Kayson Smash!! Mystery of the Missing Ninja Toys!,/watch?v=weh9MMmL9No,12:51
235,PAW Patrol Marshall's BEST Lookout Tower Rescues! w/ Chase & Skye | 30 Minute Compilation | Nick Jr.,/watch?v=SD949Tgu1Co,30:10,L.O.L. Surprise! The Skate Dance Movie ğŸ›¹ğŸ©° | Full Movies for Kids,/watch?v=gehNVSlfEyY,51:31,Big City Greens Season 4 Premiere Full Episode! ğŸŒ½| S4 E1 | Truck Stopped / Jingled | @disneychannel,/watch?v=-gZTEWQZ5fg,22:02
236,Capture the Flag! | Thomas & Friends: All Engines Go! | +60 Minutes Kids Cartoons,/watch?v=pMgWgGW1KH4,1:01:01,Kayson Smash!! Mystery of the Missing Ninja Toys!,/watch?v=weh9MMmL9No,12:51,MIND CONTROL GAMING! ğŸ® | Johnny test Full Episode Compilation for Kids | WildBrain Max,/watch?v=kXYHE1YdjBU,3:53:59
237,Envy | Inside Out 2 | Disney Kids,/watch?v=rk4mfvB-mTY,0:21,Tall Tale in India ğŸª· | Ollie and Moon English | Full Episode | Season 1 | Cartoons for kids,/watch?v=im6XAiw9zao,11:30,I Adopted EVERY Dog In A Dog Shelter,/watch?v=YQDDm9HLkV4,16:04
238,ğŸ”´LIVE: Bingo's Big Adventure ğŸ¤©ğŸ§¡ | Get Exploring with Bingo and Bluey ğŸŒ |  Bingo,/watch?v=duSAckqZRC8,1:45:11,Finn: â€œI Am Steveâ€ â›ï¸ğŸ˜ | Adventure Time | @cartoonnetworkuk  #shorts #minecraft #minecraftshorts,/watch?v=vsv9gPt4z2s,0:40,Finn: â€œI Am Steveâ€ â›ï¸ğŸ˜ | Adventure Time | @cartoonnetworkuk  #shorts #minecraft #minecraftshorts,/watch?v=vsv9gPt4z2s,0:40
239,Blippi Visits a Playground | @Blippi | Moonbug Literacy,/watch?v=V8GAMTrSeaU,12:27,"Milly, Molly | Season 1, Episode 9 | Go Camping",/watch?v=QjfMwrCAxV8,12:46,Hamster Escapes The Awesome Minecraft Maze With Obstacle Course,/watch?v=Z_LSp0j-bhw,8:17
240,Bedtime Stories | 50+ Minutes | Yakka Dee!,/watch?v=v9k48x8n3XM,54:19,"Cozy Fall Coffee Shop Ambience: Relaxing Jazz Music & Rain Sounds for Studying, Relaxation, & Sleep",/watch?v=VMAPTo7RVCo,8:03:01,Let Your Confidence Shine! ğŸŒŸ | Rainbow High,/watch?v=bytzSGJnXWs,24:02
241,Vlad and Niki PAW Patrol 10th Anniversary Birthday Party! - Toy Pretend Play Play For Kids,/watch?v=0w8MJ_jjKJM,5:40,The Avengers Stop The Frightful Four | LEGO Marvel Avengers: Mission Demolition,/watch?v=TL4tYso1ogQ,2:12,Teddy's Tale - Bitesize!,/watch?v=VFokE4TiEiQ,3:27
242,KIDZ BOP Kids - Old Town Road (Dance Along),/watch?v=-0Xn4kd8xqY,2:18,Hamster Escapes The Awesome Minecraft Maze With Obstacle Course,/watch?v=Z_LSp0j-bhw,8:17,Good Morning Song | An Original Song by Gracieâ€™s Corner | Kids Songs + Nursery Rhymes,/watch?v=dduOP1D4Vxg,3:34
243,Blippi Learns About Diwali! | Blippi Wonders Educational Videos for Kids,/watch?v=7yL7ORtvxxE,3:46,Which bugs might be living in your home?,/watch?v=_QBZzBcpWAA,1:00,Can Metal Heal Itself? ğŸ”© | PODCAST FOR KIDS ğŸ§ | Wow in the World FULL EPISODE,/watch?v=W8kuYEhvSw0,24:11
244,Which bugs might be living in your home?,/watch?v=_QBZzBcpWAA,1:00,Only Olympic gold medalists can throw things!ğŸ¥‡ğŸ¥‡,/watch?v=9-5pcb28GX4,0:18,"Break This Down (From ""Descendants 3"")",/watch?v=6PiM60us7bQ,3:41
245,Only Olympic gold medalists can throw things!ğŸ¥‡ğŸ¥‡,/watch?v=9-5pcb28GX4,0:18,I Adopted EVERY Dog In A Dog Shelter,/watch?v=YQDDm9HLkV4,16:04,HOW DO EARTHQUAKES HAPPEN? + More Science Experiments | SCIENCE MAX,/watch?v=BJHgcMucz1k,18:45
246,"Clean Up, Clean Up | Barney's World | NEW Animated Music Video!",/watch?v=IPgrZoT-Jl8,2:07,Maggie's Magic Vegetable Garden Stories | Shane the Chef Triple Bill | Shane the Chef Official,/watch?v=miy9pPUJaJU,29:01,Why Do Cats Purr? - Tumble Science Podcast for Kids,/watch?v=eKF3RujQglM,19:34
247,Good Night Forest ğŸ¦‡ğŸ¦¨ Full episode | Bubu and the Little Owls,/watch?v=aztlO00RUuY,11:01,Friendship and Family in Moominvalley | Moominvalley compilation,/watch?v=Q-YiDScLh0c,29:02,The Barbie Podcast ğŸ™ï¸ Ep 4: Flipping the Script with Ali Stroker!,/watch?v=5z-1ksWIoP4,13:57
248,Bandar Mama and Bananas | Bengali Rhymes for Children | Infobells,/watch?v=TMtObRLsYkw,2:13,The Barbie Podcast ğŸ™ï¸ Ep 4: Flipping the Script with Ali Stroker!,/watch?v=5z-1ksWIoP4,13:57,Copying the Haschak Sisters Instagram Photos!,/watch?v=c_bdR3PBEPA,7:09
249,"Celebrate Deepavali, also known as Diwali, with Nikhil & Jay | CBeebies",/watch?v=ahU9k8iJnk4,1:58,Can Metal Heal Itself? ğŸ”© | PODCAST FOR KIDS ğŸ§ | Wow in the World FULL EPISODE,/watch?v=W8kuYEhvSw0,24:11,Lonely Marmoset Finds Fun with Mongoose Friends | Love Nature Kids,/watch?v=lo5lWGb5aWc,8:01
250,Topsy & Tim 202 Full Episode - New Pet  | Shows for Kids | HD,/watch?v=LWscbX8X40M,11:15,Together We Can | Learn How to Participate in Your Community | PBS KIDS,/watch?v=1khIyVM_vq4,3:05,Scare-adise Island Beach Vacation ft. Draculaura & Clawdeen (Official Music Video) | Monster High,/watch?v=_dwf8mKoSW0,2:16
251,Hedge Helping Her Friends ğŸ’œ Day Of The Girl |Toad & Friends Official,/watch?v=Jvbj33GHVQk,3:01,Welcome to Monster Fest | Monster Highâ„¢,/watch?v=_dwf8mKoSW0&list=PLIsR9TmiBZZ9XG2sIkSqbTXeFknFZX7h7,8 videos,Welcome to Monster Fest | Monster Highâ„¢,/watch?v=_dwf8mKoSW0&list=PLIsR9TmiBZZ9XG2sIkSqbTXeFknFZX7h7,8 videos
252,"Heeler Family Time ğŸ’™ ğŸ§¡ | Full Episodes | Baby Race, Asparagus, and More! | Bluey ğŸ’™",/watch?v=xzz6dwKtbqI,26:00,The UNFAIR GAME! | Mr Bean | Cartoons for Kids | WildBrain Kids,/watch?v=7g-i-k3BYmQ,3:59:37,,,
253,"Ms Rachel & Elmo Get Ready For School - ABC Song, Numbers, Colors - Toddler & Preschool Learning",/watch?v=nnqsEUxgSBQ,1:00:34,SpongeBob's CLASSIC EPISODE Marathon | 240 Minute Compilation | @SpongeBobOfficial,/watch?v=8B8jplhrlso,3:50:43,,,
254,Daddy Pig Loses His Keys ğŸš™ | Peppa Pig Official Full Episodes,/watch?v=hubeSr2U8t4,2:05:22,240 MINUTES of SpongeBobâ€™s Funniest Scenes ğŸ˜‚ | @SpongeBobOfficial,/watch?v=5puziyf8nSo,4:42:48,,,
255,ğŸ”´ The Boo Boo Moments - Peppa Pig Special | Peppa Pig Official Family Kids Cartoon,/watch?v=vLP95DwlD9E,2:02:03,"Cozy Fall Coffee Shop Ambience: Relaxing Jazz Music & Rain Sounds for Studying, Relaxation, & Sleep",/watch?v=VMAPTo7RVCo,8:03:01,,,
256,ğŸ”´LIVE: Funny Bluey Moments! | 2 HOURS | Bluey,/watch?v=-XGNsSulBDU,1:52:10,ğŸ”´ LIVE: SpongeBob's Most Extreme Weather Marathon! ğŸ”¥â„ï¸ | Nickelodeon,/watch?v=5-6_PVhnZ0g,7:52:52,,,
257,Sing | Try Not to Sing Challenge | 10 Minutes | Mini Moments,/watch?v=KjqtDep5mT0,9:33,ğŸ•¯ï¸ Garfieldâ€™s Halloween Adventure ï¸ğŸƒ Garfield & Friends ğŸ‘»,/watch?v=X3FJePrGZb8,24:10,,,
258,"One Potato, Two Potatoes | Cocomelon | Learning Videos For Kids | Education Show For Toddlers",/watch?v=extcXqu8Ki4,30:05,ğŸ”´ LIVE: Unwind with the Heelers ğŸ’™ | Wholesome Family Moments with Bluey | Bluey,/watch?v=mm3AbWA13P4,2:15:28,,,
259,Blippi Visits an Indoor Playground | Learning Videos For Kids | Education Show For Toddlers,/watch?v=v2id3D31u0o,14:50,ğŸ”´LIVE: Bingo's Big Adventure ğŸ¤©ğŸ§¡ | Get Exploring with Bingo and Bluey ğŸŒ |  Bingo,/watch?v=duSAckqZRC8,1:45:11,,,
260,Peppa Pig English Episodes | Peppa Pig's perfect Day at the Playground,/watch?v=XV3PnI5jf18,2:03:45,"Bluey FULL Episodes Seasons 1 - 3 ğŸ’™ | Featuring Dad Baby, Faceytalk and more! | 2 HOURS | Bluey",/watch?v=aP-qKaig84M,1:55:39,,,
261,7 MINUTE COMPILATION | PART 1 | BRAND NEW MORPH,/watch?v=xaDz6ZXSvo8,6:37,Curious George ğŸµğŸ‘»HALLOWEEN SPECIAL - In the Dark ğŸƒğŸµ Kids Cartoon ğŸµ Kids Movies | Videos for Kids,/watch?v=8Xz0-khYoro,19:41,,,
262,"Baby Learning with Ms Rachel - Baby Songs, Speech, Sign Language for Babies - Baby Videos",/watch?v=zmEv7vTOQGE,1:00:02,Booba ğŸ”´ All Episodes Compilation ğŸ”´ Cartoon For Kids Super Toons TV,/watch?v=ZDwFobquz5k,11:54:56,,,
263,Peppa Pig Fills Up Her Cart | Peppa Pig Asia ğŸ½ Peppa Pig Full Episodes |,/watch?v=lJjaCbjekdo,21:02,OH NO! Tom Thomas Has A Black Eye! | The Fixies | WildBrain Fizz,/watch?v=NbIMZUwOMQ4,8:06:27,,,
264,Envy | Inside Out 2 | Disney Kids,/watch?v=rk4mfvB-mTY,0:21,Tom Thomas' Big Workout ğŸ’ªğŸ» Can he do a pull-up? | The Fixies | Educational Animation for Kids,/watch?v=o2V9oo5_ztA,3:31:51,,,
265,Vlad and Niki PAW Patrol 10th Anniversary Birthday Party! - Toy Pretend Play Play For Kids,/watch?v=0w8MJ_jjKJM,5:40,Who is the best at gymnastics? Brothers and Sister Challenge!,/watch?v=BuvyOhCjeIo,26:33,,,
266,Mickey and Donald Have a Farm ğŸšœ | S4 E1 | Full Episode | Mickey Mouse Clubhouse | @disneyjr,/watch?v=XOnHtStmbCI,30:02,Zoey's TOP 5 Savage Moments ğŸ”¥ | Zoey 101 #Shorts,/watch?v=vNtYaCMfaO8,0:54,,,
267,ğŸ”´ LIVE STREAM ğŸ¬ Masha and the Bear ğŸ¤— Spending Time Together ğŸ˜ğŸ«‚,/watch?v=S9XdbfjfnTw,10:59:31,ğŸ”´LIVE: Bingo's Funniest Moments ğŸ˜† ğŸ§¡ | Fun Adventures with Bluey and Bingo | Bingo,/watch?v=O6NN-9KjNow,1:19:39,,,
268,Haunted House NEW Monsters for Kids with Steve and Maggie | Halloween PiÃ±ata | Mr Sun Trick or Treat,/watch?v=PSyyytDs6RA,22:05,Ninja Kidz Epic MOVIE!,/watch?v=XtNE_Btewp4,45:40,,,
269,Masha and the Bear â€“ Once in a year ğŸ‚ğŸ (Episode 44),/watch?v=ozx4Orjvu0I,6:42,ğŸ˜± WATCH OUT! Giant toads are scary FUN!,/watch?v=x3tspIvGQcE,0:40,,,
270,"Bluey Full Episodes! | Keepy Uppy, Sleepytime, Bus and MORE! | 2 HOUR Compilation | @disneyjr",/watch?v=YRPnbCfawmk,2:11:48,Tall Tale in India ğŸª· | Ollie and Moon English | Full Episode | Season 1 | Cartoons for kids,/watch?v=im6XAiw9zao,11:30,,,
271,Halloween Costumes with Elmo and Friends | FIVE Full Sesame Street Episodes,/watch?v=uXKtlcOWPqQ,2:07:43,"""Head, Shoulders, Knees & Toes"" by Ofenbach x Quarterhead | TROLLS MUSIC VIDEO | Fun Fair Surprise",/watch?v=KxHL-5VbWhQ,2:42,,,
272,Blippi Learns About Diwali! | Blippi Wonders Educational Videos for Kids,/watch?v=7yL7ORtvxxE,3:46,Maggie's Magic Vegetable Garden Stories | Shane the Chef Triple Bill | Shane the Chef Official,/watch?v=miy9pPUJaJU,29:01,,,
273,Blippi Visits a Playground | @Blippi | Moonbug Literacy,/watch?v=V8GAMTrSeaU,12:27,Avengers Assemble | LEGO Marvel Avengers: Mission Demolition,/watch?v=MK1MAitId68,0:55,,,
274,PAW Patrol Marshall's BEST Lookout Tower Rescues! w/ Chase & Skye | 30 Minute Compilation | Nick Jr.,/watch?v=SD949Tgu1Co,30:10,ğŸ˜± WATCH OUT! Giant toad prank scares cameraman dad,/watch?v=SPjvP1ypJyU,0:14,,,
275,"Cozy Fall Coffee Shop Ambience: Relaxing Jazz Music & Rain Sounds for Studying, Relaxation, & Sleep",/watch?v=VMAPTo7RVCo,8:03:01,Can Metal Heal Itself? ğŸ”© | PODCAST FOR KIDS ğŸ§ | Wow in the World FULL EPISODE,/watch?v=W8kuYEhvSw0,24:11,,,
276,Bingo at the Movies ğŸ¿ ğŸ§¡ | Bluey Full Episode | Bingo - Official Channel,/watch?v=lbRg3Uo_HnI,7:01,"Milly, Molly | Season 1, Episode 9 | Go Camping",/watch?v=QjfMwrCAxV8,12:46,,,
277,Pingu As A Chef - Pingu Official Channel,/watch?v=Sct5j7Quo54,2:42,Friendship and Family in Moominvalley | Moominvalley compilation,/watch?v=Q-YiDScLh0c,29:02,,,
278,Bedtime Stories | 50+ Minutes | Yakka Dee!,/watch?v=v9k48x8n3XM,54:19,Only Olympic gold medalists can throw things!ğŸ¥‡ğŸ¥‡,/watch?v=9-5pcb28GX4,0:18,,,
279,Only Olympic gold medalists can throw things!ğŸ¥‡ğŸ¥‡,/watch?v=9-5pcb28GX4,0:18,The Avengers Stop The Frightful Four | LEGO Marvel Avengers: Mission Demolition,/watch?v=TL4tYso1ogQ,2:12,,,
280,KIDZ BOP Kids - Old Town Road (Dance Along),/watch?v=-0Xn4kd8xqY,2:18,Which bugs might be living in your home?,/watch?v=_QBZzBcpWAA,1:00,,,
281,Barney's World Theme Song | Barney's World | NEW Music Video!,/watch?v=xPToJ7P26U4,1:04,I've Got You | Barney's World | NEW Music Video!,/watch?v=0U0VeloiiKE,1:07,,,
282,Which bugs might be living in your home?,/watch?v=_QBZzBcpWAA,1:00,Hamster Escapes The Awesome Minecraft Maze With Obstacle Course,/watch?v=Z_LSp0j-bhw,8:17,,,
283,Good Night Forest ğŸ¦‡ğŸ¦¨ Full episode | Bubu and the Little Owls,/watch?v=aztlO00RUuY,11:01,Together We Can | Learn How to Participate in Your Community | PBS KIDS,/watch?v=1khIyVM_vq4,3:05,,,
284,"Celebrate Deepavali, also known as Diwali, with Nikhil & Jay | CBeebies",/watch?v=ahU9k8iJnk4,1:58,The Barbie Podcast ğŸ™ï¸ Ep 4: Flipping the Script with Ali Stroker!,/watch?v=5z-1ksWIoP4,13:57,,,
285,Bandar Mama and Bananas | Bengali Rhymes for Children | Infobells,/watch?v=TMtObRLsYkw,2:13,Finn: â€œI Am Steveâ€ â›ï¸ğŸ˜ | Adventure Time | @cartoonnetworkuk  #shorts #minecraft #minecraftshorts,/watch?v=vsv9gPt4z2s,0:40,,,
286,Topsy & Tim 202 Full Episode - New Pet  | Shows for Kids | HD,/watch?v=LWscbX8X40M,11:15,Shattered | Full Episode | Sonic Prime | Netflix After School,/watch?v=uCSOjGOQOAc,41:37,,,
287,Hedge Helping Her Friends ğŸ’œ Day Of The Girl |Toad & Friends Official,/watch?v=Jvbj33GHVQk,3:01,Welcome to Monster Fest | Monster Highâ„¢,/watch?v=_dwf8mKoSW0&list=PLIsR9TmiBZZ9XG2sIkSqbTXeFknFZX7h7,8 videos,,,
288,7 MINUTE COMPILATION | PART 1 | BRAND NEW MORPH,/watch?v=xaDz6ZXSvo8,6:37,,,,,,
289,PAW Patrol Halloween Best Spooky Rescue Episodes - PAW Patrol Cartoons for Kids Compilation,/watch?v=isFrBq5ni6Q,36:34,,,,,,
290,"Ms Rachel & Elmo Get Ready For School - ABC Song, Numbers, Colors - Toddler & Preschool Learning",/watch?v=nnqsEUxgSBQ,1:00:34,,,,,,
291,ğŸ”´LIVE: Bluey Episodes that have Halloween Energy ğŸ‘» | Bluey,/watch?v=hBf_SDhSLCg,1:22:41,,,,,,
292,Pingu As A Chef - Pingu Official Channel,/watch?v=Sct5j7Quo54,2:42,,,,,,
293,Bluey Series 2 Highlights ğŸ¤© ğŸ’™ | Best of Bluey Season 2 | Bluey,/watch?v=dAdUIH87d5E,22:40,,,,,,
294,Peppa Jumps in a Muddy Puddle #shorts,/watch?v=vKBvhca1rwM,0:12,,,,,,
295,Blippi Visits an Indoor Playground | Learning Videos For Kids | Education Show For Toddlers,/watch?v=v2id3D31u0o,14:50,,,,,,
296,ğŸ”´LIVE: Best of Family and Friends ğŸ§¡ âœ¨ | Unwind with Bingo and Bluey Moments | Bingo,/watch?v=DL1GkVNmu1o,2:13:36,,,,,,
297,PAW Patrol Marshall's BEST Lookout Tower Rescues! w/ Chase & Skye | 30 Minute Compilation | Nick Jr.,/watch?v=SD949Tgu1Co,30:10,,,,,,
298,Masha And The Bear - ğŸŒ·INTERNATIONAL WOMEN'S DAY with Masha! ğŸ’•ğŸ‘±â€â™€ï¸,/watch?v=Kkxems98P8o,28:12,,,,,,
299,Halloween Episodes | Full Episodes | Clifford's Puppy Days,/watch?v=INbJ7CIWCp0,58:09,,,,,,
300,Halloween Zombies | Zombie Still AliveğŸ§Ÿâ€â™‚ï¸ #pororo #shorts #zombie,/watch?v=8DFc9ZVUG1o,0:31,,,,,,
301,Dinner At Rebecca Rabbit's House ğŸ¥• | Peppa Pig Official Full Episodes,/watch?v=r0myFoYi3d8,2:00:41,,,,,,
302,Bingo at the Movies ğŸ¿ ğŸ§¡ | Bluey Full Episode | Bingo - Official Channel,/watch?v=lbRg3Uo_HnI,7:01,,,,,,
303,A Mighty Meteor Shower â˜„ï¸ | MIGHTY MONSTERWHEELIES | Netflix,/watch?v=7NJ1CAdlJHA,3:58,,,,,,
304,Barney's World Theme Song | Barney's World | NEW Music Video!,/watch?v=xPToJ7P26U4,1:04,,,,,,
305,Vlad and Niki PAW Patrol 10th Anniversary Birthday Party! - Toy Pretend Play Play For Kids,/watch?v=0w8MJ_jjKJM,5:40,,,,,,
306,Sesame Street: This is the Way We Go to School Song with Ms. Rachel and Elmo,/watch?v=8m_5axjXLVM,2:11,,,,,,
307,Booba ğŸ”´ All Episodes Compilation ğŸ”´ Cartoon For Kids Super Toons TV,/watch?v=ZDwFobquz5k,11:54:56,,,,,,
308,Masha and the Bear 2024 ğŸ¬ NEW EPISODE! ğŸ¬ Best cartoon collection ğŸ¥” Soup Pursuit ğŸ¥•ğŸ²,/watch?v=gEbbHlMXE9Y,1:06:05,,,,,,
309,Bedtime Stories | 50+ Minutes | Yakka Dee!,/watch?v=v9k48x8n3XM,54:19,,,,,,
310,Halloween Costumes with Elmo and Friends | FIVE Full Sesame Street Episodes,/watch?v=uXKtlcOWPqQ,2:07:43,,,,,,
311,Blippi Learns About Diwali! | Blippi Wonders Educational Videos for Kids,/watch?v=7yL7ORtvxxE,3:46,,,,,,
312,Morphle is CRYING! - Mila and Morphle |  Kids Videos | My Magic Pet Morphle,/watch?v=03HFSliBWy4,1:01:53,,,,,,
313,The Floor Is Grape Jelly | Barney's World | FULL EPISODE | Cartoons For Kids,/watch?v=H9c3_GiizqI,11:26,,,,,,
314,Barneyâ€™s World Theme Song | Barney's World | NEW Animated Music Video!,/watch?v=e0-ZjHTx39U,1:48,,,,,,
315,Topsy & Tim 202 Full Episode - New Pet  | Shows for Kids | HD,/watch?v=LWscbX8X40M,11:15,,,,,,
316,Good Night Forest ğŸ¦‡ğŸ¦¨ Full episode | Bubu and the Little Owls,/watch?v=aztlO00RUuY,11:01,,,,,,
317,"Baby Learning with Ms Rachel - Baby Songs, Speech, Sign Language for Babies - Baby Videos",/watch?v=zmEv7vTOQGE,1:00:02,,,,,,
318,Hedge Helping Her Friends ğŸ’œ Day Of The Girl |Toad & Friends Official,/watch?v=Jvbj33GHVQk,3:01,,,,,,
319,Gabby Goes K-POP with NMIXX! | GABBY'S DOLLHOUSE,/watch?v=4wB2b5u-wP0,0:42,,,,,,
320,Kiki's Diner: OmoBerry Spoofs #willowsdiner #willowpenelope,/watch?v=APW7a87FlbE,0:26,,,,,,
321,Only Olympic gold medalists can throw things!ğŸ¥‡ğŸ¥‡,/watch?v=9-5pcb28GX4,0:18,,,,,,
322,"Celebrate Deepavali, also known as Diwali, with Nikhil & Jay | CBeebies",/watch?v=ahU9k8iJnk4,1:58,,,,,,
323,Barney's World - All New Series ğŸ’œ âœ¨| Streaming Now,/watch?v=H9c3_GiizqI&list=PLKCNCfD_4af_en9SIab6OEkzp9l-H7UpP,9 videos,,,,,,
324,ğŸ”´ The Boo Boo Moments - Peppa Pig Special | Peppa Pig Official Family Kids Cartoon,/watch?v=vLP95DwlD9E,2:02:03,,,,,,
325,Baby Peppa Pig and Baby Suzy Sheep's Fun Time | Peppa Pig Official Family Kids Cartoon,/watch?v=OVa1EWCI_lg,1:04:14,,,,,,
326,"Heeler Family Time ğŸ’™ ğŸ§¡ | Full Episodes | Baby Race, Asparagus, and More! | Bluey ğŸ’™",/watch?v=xzz6dwKtbqI,26:00,,,,,,
327,"Monica Toy | Imitoys - If you can't imitate, just stay home! #MonicaToy #shorts",/watch?v=ufvttxs9vEo,0:30,,,,,,
328,"Bluey FULL Episodes Seasons 1 - 3 ğŸ’™ | Featuring Dad Baby, Faceytalk and more! | 2 HOURS | Bluey",/watch?v=aP-qKaig84M,1:55:39,,,,,,
329,Peppa Pig English Episodes | Peppa Pig's perfect Day at the Playground,/watch?v=XV3PnI5jf18,2:03:45,,,,,,
330,Pingu As A Chef - Pingu Official Channel,/watch?v=Sct5j7Quo54,2:42,,,,,,
331,7 MINUTE COMPILATION | PART 1 | BRAND NEW MORPH,/watch?v=xaDz6ZXSvo8,6:37,,,,,,
332,Elmo Sings the ABC's! #sesamestreet,/watch?v=sHHgFe-jvIw,1:00,,,,,,
333,Double Bingo! ğŸ§¡ ğŸ§¡ | Mini Bluey Full Episode | Bingo - Official Channel,/watch?v=UL5SyzZsCrI,7:01,,,,,,
334,Bingo at the Movies ğŸ¿ ğŸ§¡ | Bluey Full Episode | Bingo - Official Channel,/watch?v=lbRg3Uo_HnI,7:01,,,,,,
335,"One Potato, Two Potatoes | Cocomelon | Learning Videos For Kids | Education Show For Toddlers",/watch?v=extcXqu8Ki4,30:05,,,,,,
336,PAW Patrol Marshall's BEST Lookout Tower Rescues! w/ Chase & Skye | 30 Minute Compilation | Nick Jr.,/watch?v=SD949Tgu1Co,30:10,,,,,,
337,"Cozy Fall Coffee Shop Ambience: Relaxing Jazz Music & Rain Sounds for Studying, Relaxation, & Sleep",/watch?v=VMAPTo7RVCo,8:03:01,,,,,,
338,Halloween Zombies | Zombie Still AliveğŸ§Ÿâ€â™‚ï¸ #pororo #shorts #zombie,/watch?v=8DFc9ZVUG1o,0:31,,,,,,
339,"Ms Rachel & Elmo Get Ready For School - ABC Song, Numbers, Colors - Toddler & Preschool Learning",/watch?v=nnqsEUxgSBQ,1:00:34,,,,,,
340,Sing | Try Not to Sing Challenge | 10 Minutes | Mini Moments,/watch?v=KjqtDep5mT0,9:33,,,,,,
341,Barney's World Theme Song | Barney's World | NEW Music Video!,/watch?v=xPToJ7P26U4,1:04,,,,,,
342,The Floor Is Grape Jelly | Barney's World | FULL EPISODE | Cartoons For Kids,/watch?v=H9c3_GiizqI,11:26,,,,,,
343,"PAW Patrol Rubble's Funniest & Silliest Rescues! w/ Chase, Marshall & Skye | 1 Hour | Rubble & Crew",/watch?v=BluFyAMMlOU,59:14,,,,,,
344,Vlad and Niki PAW Patrol 10th Anniversary Birthday Party! - Toy Pretend Play Play For Kids,/watch?v=0w8MJ_jjKJM,5:40,,,,,,
345,Blippi Visits a Playground | @Blippi | Moonbug Literacy,/watch?v=V8GAMTrSeaU,12:27,,,,,,
346,"ğŸ”´ LIVE: PAW Patrol's Ultimate Rescues & Adventures! w/ Marshall, Chase & Skye | Nick Jr.",/watch?v=hH3A_i6oyK0,4:31:53,,,,,,
347,Blippi Visits an Indoor Playground | Learning Videos For Kids | Education Show For Toddlers,/watch?v=v2id3D31u0o,14:50,,,,,,
348,Peppa Pig Fills Up Her Cart | Peppa Pig Asia ğŸ½ Peppa Pig Full Episodes |,/watch?v=lJjaCbjekdo,21:02,,,,,,
349,Bedtime Stories | 50+ Minutes | Yakka Dee!,/watch?v=v9k48x8n3XM,54:19,,,,,,
350,Blippi Learns About Diwali! | Blippi Wonders Educational Videos for Kids,/watch?v=7yL7ORtvxxE,3:46,,,,,,
351,Barneyâ€™s World Theme Song | Barney's World | NEW Animated Music Video!,/watch?v=e0-ZjHTx39U,1:48,,,,,,
352,Good Night Forest ğŸ¦‡ğŸ¦¨ Full episode | Bubu and the Little Owls,/watch?v=aztlO00RUuY,11:01,,,,,,
353,Only Olympic gold medalists can throw things!ğŸ¥‡ğŸ¥‡,/watch?v=9-5pcb28GX4,0:18,,,,,,
354,Which bugs might be living in your home?,/watch?v=_QBZzBcpWAA,1:00,,,,,,
355,"Celebrate Deepavali, also known as Diwali, with Nikhil & Jay | CBeebies",/watch?v=ahU9k8iJnk4,1:58,,,,,,
356,Topsy & Tim 202 Full Episode - New Pet  | Shows for Kids | HD,/watch?v=LWscbX8X40M,11:15,,,,,,
357,Kiki's Diner: OmoBerry Spoofs #willowsdiner #willowpenelope,/watch?v=APW7a87FlbE,0:26,,,,,,
358,Hedge Helping Her Friends ğŸ’œ Day Of The Girl |Toad & Friends Official,/watch?v=Jvbj33GHVQk,3:01,,,,,,
359,"Baby Learning with Ms Rachel - Baby Songs, Speech, Sign Language for Babies - Baby Videos",/watch?v=zmEv7vTOQGE,1:00:02,,,,,,
